exp_subject_id,Trial_Nr,response,scramble,Musician,yrs_mus_exp
481854,1,Incorrect,8B,Yes,5
481854,2,Correct,8B,Yes,5
481854,3,Correct,2B,Yes,5
481854,4,Correct,1B,Yes,5
481854,5,Correct,8B,Yes,5
481854,6,Incorrect,1B,Yes,5
481854,7,Correct,1B,Yes,5
481854,8,Correct,1B,Yes,5
481854,9,Correct,8B,Yes,5
481854,10,Correct,1B,Yes,5
481854,11,Correct,2B,Yes,5
481854,12,Correct,2B,Yes,5
481854,13,Correct,8B,Yes,5
481854,14,Correct,8B,Yes,5
481854,15,Incorrect,8B,Yes,5
481854,16,Incorrect,1B,Yes,5
481854,17,Incorrect,2B,Yes,5
481854,18,Incorrect,2B,Yes,5
481854,19,Incorrect,1B,Yes,5
481854,20,Correct,2B,Yes,5
481854,21,Incorrect,2B,Yes,5
481854,22,Correct,2B,Yes,5
481854,23,Correct,8B,Yes,5
481854,24,Incorrect,8B,Yes,5
481854,25,Incorrect,2B,Yes,5
481854,26,Correct,1B,Yes,5
481854,27,Incorrect,1B,Yes,5
481854,28,Incorrect,2B,Yes,5
481854,29,Correct,1B,Yes,5
481854,30,Correct,8B,Yes,5
346822,1,Correct,8B,Yes,9
346822,2,Correct,8B,Yes,9
346822,3,Correct,1B,Yes,9
346822,4,Incorrect,2B,Yes,9
346822,5,Incorrect,2B,Yes,9
346822,6,Correct,2B,Yes,9
346822,7,Correct,2B,Yes,9
346822,8,Incorrect,1B,Yes,9
346822,9,Incorrect,1B,Yes,9
346822,10,Correct,1B,Yes,9
346822,11,Correct,8B,Yes,9
346822,12,Incorrect,8B,Yes,9
346822,13,Incorrect,8B,Yes,9
346822,14,Correct,2B,Yes,9
346822,15,Incorrect,8B,Yes,9
346822,16,Incorrect,2B,Yes,9
346822,17,Correct,8B,Yes,9
346822,18,Incorrect,1B,Yes,9
346822,19,Correct,2B,Yes,9
346822,20,Correct,1B,Yes,9
346822,21,Correct,1B,Yes,9
346822,22,Correct,8B,Yes,9
346822,23,Incorrect,8B,Yes,9
346822,24,Correct,8B,Yes,9
346822,25,Correct,1B,Yes,9
346822,26,Correct,1B,Yes,9
346822,27,Correct,2B,Yes,9
346822,28,Incorrect,1B,Yes,9
346822,29,Correct,2B,Yes,9
346822,30,Incorrect,2B,Yes,9
388196,1,Correct,2B,No,NA
388196,2,Correct,1B,No,NA
388196,3,Incorrect,2B,No,NA
388196,4,Correct,8B,No,NA
388196,5,Incorrect,1B,No,NA
388196,6,Incorrect,8B,No,NA
388196,7,NA,8B,No,NA
388196,8,Incorrect,1B,No,NA
388196,9,Incorrect,8B,No,NA
388196,10,Incorrect,1B,No,NA
388196,11,Incorrect,1B,No,NA
388196,12,Correct,8B,No,NA
388196,13,Incorrect,8B,No,NA
388196,14,Incorrect,8B,No,NA
388196,15,Correct,2B,No,NA
388196,16,Correct,8B,No,NA
388196,17,Incorrect,2B,No,NA
388196,18,Incorrect,1B,No,NA
388196,19,Incorrect,1B,No,NA
388196,20,Correct,1B,No,NA
388196,21,Incorrect,8B,No,NA
388196,22,Correct,1B,No,NA
388196,23,Correct,2B,No,NA
388196,24,Incorrect,1B,No,NA
388196,25,Correct,2B,No,NA
388196,26,Incorrect,2B,No,NA
388196,27,Incorrect,2B,No,NA
388196,28,Incorrect,2B,No,NA
388196,29,Correct,8B,No,NA
388196,30,Correct,2B,No,NA
481855,1,Correct,1B,No,NA
481855,2,Incorrect,2B,No,NA
481855,3,Incorrect,8B,No,NA
481855,4,Correct,1B,No,NA
481855,5,Incorrect,8B,No,NA
481855,6,Correct,8B,No,NA
481855,7,Correct,8B,No,NA
481855,8,Correct,1B,No,NA
481855,9,Correct,2B,No,NA
481855,10,Correct,1B,No,NA
481855,11,Correct,2B,No,NA
481855,12,Correct,2B,No,NA
481855,13,Incorrect,1B,No,NA
481855,14,Correct,1B,No,NA
481855,15,Incorrect,1B,No,NA
481855,16,Correct,2B,No,NA
481855,17,Incorrect,8B,No,NA
481855,18,Correct,1B,No,NA
481855,19,Correct,8B,No,NA
481855,20,Correct,2B,No,NA
481855,21,Incorrect,2B,No,NA
481855,22,Correct,8B,No,NA
481855,23,Correct,8B,No,NA
481855,24,Correct,8B,No,NA
481855,25,Correct,1B,No,NA
481855,26,Correct,2B,No,NA
481855,27,Correct,2B,No,NA
481855,28,Correct,8B,No,NA
481855,29,Incorrect,1B,No,NA
481855,30,Correct,2B,No,NA
342264,1,Correct,2B,Yes,7
342264,2,Correct,8B,Yes,7
342264,3,Correct,8B,Yes,7
342264,4,Correct,2B,Yes,7
342264,5,Correct,2B,Yes,7
342264,6,Incorrect,8B,Yes,7
342264,7,Incorrect,8B,Yes,7
342264,8,Incorrect,1B,Yes,7
342264,9,Correct,1B,Yes,7
342264,10,Incorrect,8B,Yes,7
342264,11,Incorrect,1B,Yes,7
342264,12,Correct,2B,Yes,7
342264,13,Correct,8B,Yes,7
342264,14,Correct,2B,Yes,7
342264,15,Incorrect,1B,Yes,7
342264,16,Correct,1B,Yes,7
342264,17,Incorrect,2B,Yes,7
342264,18,Incorrect,1B,Yes,7
342264,19,Incorrect,1B,Yes,7
342264,20,Correct,8B,Yes,7
342264,21,Correct,8B,Yes,7
342264,22,Incorrect,1B,Yes,7
342264,23,Incorrect,2B,Yes,7
342264,24,Correct,8B,Yes,7
342264,25,Correct,8B,Yes,7
342264,26,Incorrect,2B,Yes,7
342264,27,Incorrect,1B,Yes,7
342264,28,Correct,2B,Yes,7
342264,29,Incorrect,2B,Yes,7
342264,30,Incorrect,1B,Yes,7
355532,1,Incorrect,8B,No,NA
355532,2,Correct,1B,No,NA
355532,3,Incorrect,2B,No,NA
355532,4,Incorrect,1B,No,NA
355532,5,Incorrect,2B,No,NA
355532,6,Incorrect,8B,No,NA
355532,7,Incorrect,8B,No,NA
355532,8,Correct,2B,No,NA
355532,9,Correct,8B,No,NA
355532,10,Correct,2B,No,NA
355532,11,Correct,1B,No,NA
355532,12,Correct,2B,No,NA
355532,13,Incorrect,2B,No,NA
355532,14,Correct,8B,No,NA
355532,15,Correct,8B,No,NA
355532,16,Correct,2B,No,NA
355532,17,Incorrect,1B,No,NA
355532,18,Incorrect,8B,No,NA
355532,19,Correct,1B,No,NA
355532,20,Incorrect,1B,No,NA
355532,21,Correct,2B,No,NA
355532,22,Correct,8B,No,NA
355532,23,Incorrect,8B,No,NA
355532,24,Incorrect,2B,No,NA
355532,25,Correct,1B,No,NA
355532,26,Correct,2B,No,NA
355532,27,Correct,1B,No,NA
355532,28,Correct,1B,No,NA
355532,29,Correct,1B,No,NA
355532,30,Correct,8B,No,NA
361859,1,Incorrect,8B,Yes,12
361859,2,Correct,1B,Yes,12
361859,3,Incorrect,1B,Yes,12
361859,4,Correct,2B,Yes,12
361859,5,Correct,2B,Yes,12
361859,6,Correct,2B,Yes,12
361859,7,Correct,2B,Yes,12
361859,8,Incorrect,8B,Yes,12
361859,9,Correct,8B,Yes,12
361859,10,Incorrect,2B,Yes,12
361859,11,Correct,1B,Yes,12
361859,12,Correct,2B,Yes,12
361859,13,Correct,8B,Yes,12
361859,14,Correct,8B,Yes,12
361859,15,Correct,2B,Yes,12
361859,16,Incorrect,8B,Yes,12
361859,17,Incorrect,1B,Yes,12
361859,18,Incorrect,8B,Yes,12
361859,19,Incorrect,1B,Yes,12
361859,20,Correct,1B,Yes,12
361859,21,Correct,8B,Yes,12
361859,22,Correct,1B,Yes,12
361859,23,Correct,2B,Yes,12
361859,24,Incorrect,1B,Yes,12
361859,25,Incorrect,1B,Yes,12
361859,26,Correct,8B,Yes,12
361859,27,Correct,8B,Yes,12
361859,28,Correct,2B,Yes,12
361859,29,Correct,1B,Yes,12
361859,30,Incorrect,2B,Yes,12
361865,1,Correct,8B,No,NA
361865,2,Correct,8B,No,NA
361865,3,Correct,8B,No,NA
361865,4,Correct,2B,No,NA
361865,5,Correct,2B,No,NA
361865,6,Incorrect,2B,No,NA
361865,7,Incorrect,2B,No,NA
361865,8,Correct,2B,No,NA
361865,9,Correct,8B,No,NA
361865,10,Incorrect,1B,No,NA
361865,11,Correct,1B,No,NA
361865,12,Correct,2B,No,NA
361865,13,Correct,2B,No,NA
361865,14,Incorrect,1B,No,NA
361865,15,Incorrect,2B,No,NA
361865,16,Correct,8B,No,NA
361865,17,Correct,1B,No,NA
361865,18,Correct,1B,No,NA
361865,19,Incorrect,1B,No,NA
361865,20,Incorrect,8B,No,NA
361865,21,Incorrect,1B,No,NA
361865,22,Incorrect,1B,No,NA
361865,23,Correct,1B,No,NA
361865,24,Correct,8B,No,NA
361865,25,Correct,2B,No,NA
361865,26,Correct,8B,No,NA
361865,27,Correct,1B,No,NA
361865,28,Incorrect,8B,No,NA
361865,29,Incorrect,2B,No,NA
361865,30,Incorrect,8B,No,NA
350110,1,Correct,1B,Yes,NA
350110,2,Incorrect,8B,Yes,NA
350110,3,Incorrect,2B,Yes,NA
350110,4,Correct,1B,Yes,NA
350110,5,Incorrect,2B,Yes,NA
350110,6,Correct,1B,Yes,NA
350110,7,Incorrect,8B,Yes,NA
350110,8,Incorrect,2B,Yes,NA
350110,9,Correct,2B,Yes,NA
350110,10,Correct,2B,Yes,NA
350110,11,Correct,8B,Yes,NA
350110,12,Correct,8B,Yes,NA
350110,13,Correct,8B,Yes,NA
350110,14,Correct,2B,Yes,NA
350110,15,Correct,1B,Yes,NA
350110,16,Correct,2B,Yes,NA
350110,17,Correct,8B,Yes,NA
350110,18,Incorrect,1B,Yes,NA
350110,19,Correct,1B,Yes,NA
350110,20,Incorrect,1B,Yes,NA
350110,21,Incorrect,1B,Yes,NA
350110,22,Incorrect,2B,Yes,NA
350110,23,Correct,8B,Yes,NA
350110,24,Correct,8B,Yes,NA
350110,25,Correct,1B,Yes,NA
350110,26,Incorrect,2B,Yes,NA
350110,27,Incorrect,2B,Yes,NA
350110,28,Correct,1B,Yes,NA
350110,29,Correct,8B,Yes,NA
350110,30,Correct,8B,Yes,NA
342266,1,Correct,2B,Yes,NA
342266,2,Correct,1B,Yes,NA
342266,3,Correct,8B,Yes,NA
342266,4,Incorrect,8B,Yes,NA
342266,5,Incorrect,2B,Yes,NA
342266,6,Correct,8B,Yes,NA
342266,7,Incorrect,8B,Yes,NA
342266,8,Correct,1B,Yes,NA
342266,9,Correct,1B,Yes,NA
342266,10,Incorrect,2B,Yes,NA
342266,11,Correct,8B,Yes,NA
342266,12,Correct,2B,Yes,NA
342266,13,Correct,2B,Yes,NA
342266,14,Correct,1B,Yes,NA
342266,15,Correct,8B,Yes,NA
342266,16,Correct,8B,Yes,NA
342266,17,Correct,1B,Yes,NA
342266,18,Correct,2B,Yes,NA
342266,19,Correct,1B,Yes,NA
342266,20,Correct,8B,Yes,NA
342266,21,Correct,8B,Yes,NA
342266,22,Incorrect,1B,Yes,NA
342266,23,Incorrect,8B,Yes,NA
342266,24,Correct,2B,Yes,NA
342266,25,Incorrect,2B,Yes,NA
342266,26,Incorrect,1B,Yes,NA
342266,27,Incorrect,2B,Yes,NA
342266,28,Incorrect,2B,Yes,NA
342266,29,Incorrect,1B,Yes,NA
342266,30,Correct,1B,Yes,NA
388209,1,Correct,2B,No,NA
388209,2,Correct,8B,No,NA
388209,3,Correct,1B,No,NA
388209,4,Correct,1B,No,NA
388209,5,Correct,8B,No,NA
388209,6,Correct,8B,No,NA
388209,7,Correct,8B,No,NA
388209,8,Incorrect,1B,No,NA
388209,9,Incorrect,1B,No,NA
388209,10,Correct,8B,No,NA
388209,11,Incorrect,2B,No,NA
388209,12,Correct,2B,No,NA
388209,13,Correct,2B,No,NA
388209,14,Correct,2B,No,NA
388209,15,Correct,2B,No,NA
388209,16,Incorrect,1B,No,NA
388209,17,Correct,8B,No,NA
388209,18,Correct,2B,No,NA
388209,19,Correct,1B,No,NA
388209,20,Correct,1B,No,NA
388209,21,Correct,8B,No,NA
388209,22,Incorrect,1B,No,NA
388209,23,Incorrect,2B,No,NA
388209,24,Incorrect,2B,No,NA
388209,25,Correct,1B,No,NA
388209,26,Correct,2B,No,NA
388209,27,Correct,8B,No,NA
388209,28,Correct,8B,No,NA
388209,29,Correct,1B,No,NA
388209,30,Correct,8B,No,NA
388181,1,Incorrect,1B,Yes,10
388181,2,Incorrect,1B,Yes,10
388181,3,Correct,8B,Yes,10
388181,4,Correct,1B,Yes,10
388181,5,Correct,8B,Yes,10
388181,6,Incorrect,2B,Yes,10
388181,7,Correct,2B,Yes,10
388181,8,Correct,1B,Yes,10
388181,9,Incorrect,2B,Yes,10
388181,10,Incorrect,2B,Yes,10
388181,11,Incorrect,2B,Yes,10
388181,12,Correct,8B,Yes,10
388181,13,Correct,8B,Yes,10
388181,14,Correct,8B,Yes,10
388181,15,Incorrect,8B,Yes,10
388181,16,Incorrect,2B,Yes,10
388181,17,Incorrect,2B,Yes,10
388181,18,Correct,1B,Yes,10
388181,19,Incorrect,1B,Yes,10
388181,20,Incorrect,1B,Yes,10
388181,21,Correct,8B,Yes,10
388181,22,Correct,1B,Yes,10
388181,23,Incorrect,8B,Yes,10
388181,24,Incorrect,2B,Yes,10
388181,25,Correct,1B,Yes,10
388181,26,Correct,1B,Yes,10
388181,27,Correct,2B,Yes,10
388181,28,Incorrect,2B,Yes,10
388181,29,Correct,8B,Yes,10
388181,30,Incorrect,8B,Yes,10
388195,1,Correct,1B,No,NA
388195,2,Correct,2B,No,NA
388195,3,Incorrect,2B,No,NA
388195,4,Incorrect,2B,No,NA
388195,5,Correct,8B,No,NA
388195,6,Correct,1B,No,NA
388195,7,Correct,8B,No,NA
388195,8,Correct,1B,No,NA
388195,9,Correct,2B,No,NA
388195,10,Correct,8B,No,NA
388195,11,Correct,8B,No,NA
388195,12,Correct,1B,No,NA
388195,13,Correct,1B,No,NA
388195,14,Correct,2B,No,NA
388195,15,Correct,1B,No,NA
388195,16,Incorrect,8B,No,NA
388195,17,Incorrect,1B,No,NA
388195,18,Incorrect,2B,No,NA
388195,19,Correct,2B,No,NA
388195,20,Correct,1B,No,NA
388195,21,Incorrect,2B,No,NA
388195,22,Correct,1B,No,NA
388195,23,Incorrect,1B,No,NA
388195,24,Correct,8B,No,NA
388195,25,Correct,8B,No,NA
388195,26,Correct,8B,No,NA
388195,27,Incorrect,8B,No,NA
388195,28,Correct,2B,No,NA
388195,29,Incorrect,2B,No,NA
388195,30,Incorrect,8B,No,NA
353949,1,Correct,2B,Yes,6
353949,2,Correct,2B,Yes,6
353949,3,Correct,8B,Yes,6
353949,4,Incorrect,8B,Yes,6
353949,5,Correct,2B,Yes,6
353949,6,Incorrect,1B,Yes,6
353949,7,Incorrect,8B,Yes,6
353949,8,Correct,8B,Yes,6
353949,9,Incorrect,8B,Yes,6
353949,10,Correct,2B,Yes,6
353949,11,Incorrect,8B,Yes,6
353949,12,Incorrect,1B,Yes,6
353949,13,Correct,1B,Yes,6
353949,14,Correct,2B,Yes,6
353949,15,Correct,2B,Yes,6
353949,16,Incorrect,1B,Yes,6
353949,17,Correct,8B,Yes,6
353949,18,Incorrect,1B,Yes,6
353949,19,Correct,8B,Yes,6
353949,20,Correct,2B,Yes,6
353949,21,Incorrect,2B,Yes,6
353949,22,Incorrect,8B,Yes,6
353949,23,Incorrect,1B,Yes,6
353949,24,Correct,1B,Yes,6
353949,25,Incorrect,2B,Yes,6
353949,26,Incorrect,8B,Yes,6
353949,27,Incorrect,1B,Yes,6
353949,28,Correct,1B,Yes,6
353949,29,Incorrect,2B,Yes,6
353949,30,Correct,1B,Yes,6
359121,1,Correct,1B,No,NA
359121,2,Correct,2B,No,NA
359121,3,Correct,2B,No,NA
359121,4,Correct,1B,No,NA
359121,5,Incorrect,8B,No,NA
359121,6,Incorrect,1B,No,NA
359121,7,Correct,8B,No,NA
359121,8,Correct,8B,No,NA
359121,9,Incorrect,8B,No,NA
359121,10,Incorrect,2B,No,NA
359121,11,Correct,8B,No,NA
359121,12,Incorrect,1B,No,NA
359121,13,Correct,1B,No,NA
359121,14,Incorrect,2B,No,NA
359121,15,Incorrect,1B,No,NA
359121,16,Incorrect,2B,No,NA
359121,17,Correct,2B,No,NA
359121,18,Correct,8B,No,NA
359121,19,Correct,2B,No,NA
359121,20,Correct,8B,No,NA
359121,21,Correct,2B,No,NA
359121,22,Correct,8B,No,NA
359121,23,Correct,1B,No,NA
359121,24,Incorrect,1B,No,NA
359121,25,Correct,8B,No,NA
359121,26,Correct,1B,No,NA
359121,27,Correct,2B,No,NA
359121,28,Correct,8B,No,NA
359121,29,Correct,2B,No,NA
359121,30,Incorrect,1B,No,NA
357468,1,Incorrect,1B,No,NA
357468,2,Correct,2B,No,NA
357468,3,Correct,8B,No,NA
357468,4,Incorrect,8B,No,NA
357468,5,Incorrect,8B,No,NA
357468,6,Correct,2B,No,NA
357468,7,Correct,1B,No,NA
357468,8,Correct,2B,No,NA
357468,9,Incorrect,1B,No,NA
357468,10,Correct,1B,No,NA
357468,11,Incorrect,2B,No,NA
357468,12,Correct,8B,No,NA
357468,13,Incorrect,2B,No,NA
357468,14,Incorrect,8B,No,NA
357468,15,Correct,8B,No,NA
357468,16,Incorrect,8B,No,NA
357468,17,Correct,1B,No,NA
357468,18,Correct,2B,No,NA
357468,19,Incorrect,8B,No,NA
357468,20,Correct,2B,No,NA
357468,21,Incorrect,1B,No,NA
357468,22,Correct,1B,No,NA
357468,23,Correct,2B,No,NA
357468,24,Incorrect,2B,No,NA
357468,25,Incorrect,1B,No,NA
357468,26,Incorrect,1B,No,NA
357468,27,Incorrect,8B,No,NA
357468,28,Correct,1B,No,NA
357468,29,Correct,2B,No,NA
357468,30,Correct,8B,No,NA
361864,1,Incorrect,1B,Yes,8
361864,2,Incorrect,1B,Yes,8
361864,3,Incorrect,8B,Yes,8
361864,4,Correct,8B,Yes,8
361864,5,Incorrect,1B,Yes,8
361864,6,Correct,8B,Yes,8
361864,7,Correct,2B,Yes,8
361864,8,Correct,2B,Yes,8
361864,9,Incorrect,1B,Yes,8
361864,10,Correct,8B,Yes,8
361864,11,Incorrect,1B,Yes,8
361864,12,Correct,8B,Yes,8
361864,13,Incorrect,1B,Yes,8
361864,14,Correct,2B,Yes,8
361864,15,Correct,2B,Yes,8
361864,16,Incorrect,2B,Yes,8
361864,17,Correct,8B,Yes,8
361864,18,Correct,8B,Yes,8
361864,19,Correct,8B,Yes,8
361864,20,Correct,1B,Yes,8
361864,21,Correct,8B,Yes,8
361864,22,Correct,2B,Yes,8
361864,23,Correct,2B,Yes,8
361864,24,Correct,8B,Yes,8
361864,25,Incorrect,2B,Yes,8
361864,26,Incorrect,2B,Yes,8
361864,27,Incorrect,1B,Yes,8
361864,28,Correct,2B,Yes,8
361864,29,Incorrect,1B,Yes,8
361864,30,Correct,1B,Yes,8
388750,1,Correct,2B,No,NA
388750,2,Incorrect,8B,No,NA
388750,3,Incorrect,2B,No,NA
388750,4,Correct,8B,No,NA
388750,5,Incorrect,1B,No,NA
388750,6,Incorrect,1B,No,NA
388750,7,Incorrect,1B,No,NA
388750,8,Incorrect,2B,No,NA
388750,9,Incorrect,8B,No,NA
388750,10,NA,8B,No,NA
388750,11,Correct,1B,No,NA
388750,12,Correct,2B,No,NA
388750,13,Incorrect,2B,No,NA
388750,14,Correct,8B,No,NA
388750,15,Correct,2B,No,NA
388750,16,Incorrect,8B,No,NA
388750,17,Correct,8B,No,NA
388750,18,Correct,8B,No,NA
388750,19,Correct,1B,No,NA
388750,20,Incorrect,1B,No,NA
388750,21,Correct,2B,No,NA
388750,22,Incorrect,1B,No,NA
388750,23,Incorrect,2B,No,NA
388750,24,Correct,1B,No,NA
388750,25,Correct,8B,No,NA
388750,26,Incorrect,1B,No,NA
388750,27,Correct,2B,No,NA
388750,28,Incorrect,2B,No,NA
388750,29,Correct,8B,No,NA
388750,30,Incorrect,1B,No,NA
362366,1,Correct,2B,Yes,9
362366,2,Incorrect,8B,Yes,9
362366,3,Correct,1B,Yes,9
362366,4,Correct,1B,Yes,9
362366,5,Correct,2B,Yes,9
362366,6,Correct,8B,Yes,9
362366,7,Correct,8B,Yes,9
362366,8,Correct,2B,Yes,9
362366,9,Correct,2B,Yes,9
362366,10,Incorrect,1B,Yes,9
362366,11,Correct,1B,Yes,9
362366,12,Correct,8B,Yes,9
362366,13,Correct,1B,Yes,9
362366,14,Correct,2B,Yes,9
362366,15,Correct,2B,Yes,9
362366,16,Correct,8B,Yes,9
362366,17,Incorrect,2B,Yes,9
362366,18,Incorrect,2B,Yes,9
362366,19,Correct,8B,Yes,9
362366,20,Correct,8B,Yes,9
362366,21,Incorrect,2B,Yes,9
362366,22,Correct,1B,Yes,9
362366,23,NA,8B,Yes,9
362366,24,Correct,1B,Yes,9
362366,25,Incorrect,1B,Yes,9
362366,26,Incorrect,1B,Yes,9
362366,27,Incorrect,1B,Yes,9
362366,28,Correct,8B,Yes,9
362366,29,Correct,2B,Yes,9
362366,30,Correct,8B,Yes,9
612270,1,Incorrect,1B,Yes,15
612270,2,Correct,1B,Yes,15
612270,3,Correct,8B,Yes,15
612270,4,Correct,8B,Yes,15
612270,5,Correct,2B,Yes,15
612270,6,Correct,8B,Yes,15
612270,7,Incorrect,2B,Yes,15
612270,8,Correct,8B,Yes,15
612270,9,Correct,2B,Yes,15
612270,10,Correct,8B,Yes,15
612270,11,Incorrect,1B,Yes,15
612270,12,Correct,1B,Yes,15
612270,13,Incorrect,8B,Yes,15
612270,14,Correct,1B,Yes,15
612270,15,Incorrect,1B,Yes,15
612270,16,Incorrect,2B,Yes,15
612270,17,Correct,2B,Yes,15
612270,18,Correct,8B,Yes,15
612270,19,Incorrect,1B,Yes,15
612270,20,Incorrect,1B,Yes,15
612270,21,Incorrect,2B,Yes,15
612270,22,Correct,1B,Yes,15
612270,23,Correct,8B,Yes,15
612270,24,Correct,8B,Yes,15
612270,25,Correct,2B,Yes,15
612270,26,Correct,2B,Yes,15
612270,27,Correct,8B,Yes,15
612270,28,Correct,2B,Yes,15
612270,29,Correct,2B,Yes,15
612270,30,Correct,1B,Yes,15
388185,1,Incorrect,8B,Yes,8
388185,2,Incorrect,2B,Yes,8
388185,3,Incorrect,2B,Yes,8
388185,4,Correct,8B,Yes,8
388185,5,Incorrect,1B,Yes,8
388185,6,Correct,2B,Yes,8
388185,7,Correct,1B,Yes,8
388185,8,Correct,8B,Yes,8
388185,9,NA,2B,Yes,8
388185,10,Correct,8B,Yes,8
388185,11,Correct,1B,Yes,8
388185,12,Correct,1B,Yes,8
388185,13,Correct,1B,Yes,8
388185,14,Incorrect,1B,Yes,8
388185,15,Correct,1B,Yes,8
388185,16,Correct,1B,Yes,8
388185,17,Incorrect,2B,Yes,8
388185,18,Incorrect,8B,Yes,8
388185,19,Incorrect,8B,Yes,8
388185,20,Correct,1B,Yes,8
388185,21,Correct,8B,Yes,8
388185,22,Incorrect,2B,Yes,8
388185,23,Correct,8B,Yes,8
388185,24,Correct,2B,Yes,8
388185,25,NA,2B,Yes,8
388185,26,Correct,8B,Yes,8
388185,27,Correct,2B,Yes,8
388185,28,Correct,1B,Yes,8
388185,29,Incorrect,8B,Yes,8
388185,30,NA,2B,Yes,8
363119,1,Correct,8B,Yes,8
363119,2,Incorrect,1B,Yes,8
363119,3,Correct,2B,Yes,8
363119,4,Correct,8B,Yes,8
363119,5,Incorrect,2B,Yes,8
363119,6,Incorrect,1B,Yes,8
363119,7,Correct,8B,Yes,8
363119,8,Correct,2B,Yes,8
363119,9,Incorrect,2B,Yes,8
363119,10,Incorrect,2B,Yes,8
363119,11,Correct,1B,Yes,8
363119,12,Incorrect,8B,Yes,8
363119,13,Incorrect,1B,Yes,8
363119,14,Correct,1B,Yes,8
363119,15,Correct,2B,Yes,8
363119,16,Incorrect,1B,Yes,8
363119,17,Correct,1B,Yes,8
363119,18,Correct,1B,Yes,8
363119,19,Correct,2B,Yes,8
363119,20,Correct,1B,Yes,8
363119,21,Correct,8B,Yes,8
363119,22,Correct,1B,Yes,8
363119,23,Correct,8B,Yes,8
363119,24,Incorrect,2B,Yes,8
363119,25,Correct,2B,Yes,8
363119,26,Correct,8B,Yes,8
363119,27,Correct,8B,Yes,8
363119,28,Correct,8B,Yes,8
363119,29,Correct,8B,Yes,8
363119,30,Incorrect,2B,Yes,8
612271,1,Incorrect,1B,No,NA
612271,2,Correct,8B,No,NA
612271,3,Correct,1B,No,NA
612271,4,Incorrect,1B,No,NA
612271,5,Correct,1B,No,NA
612271,6,Incorrect,1B,No,NA
612271,7,Incorrect,1B,No,NA
612271,8,Correct,2B,No,NA
612271,9,Correct,2B,No,NA
612271,10,Correct,8B,No,NA
612271,11,Incorrect,2B,No,NA
612271,12,Incorrect,8B,No,NA
612271,13,Correct,1B,No,NA
612271,14,Correct,8B,No,NA
612271,15,Correct,8B,No,NA
612271,16,Correct,2B,No,NA
612271,17,Correct,1B,No,NA
612271,18,Correct,2B,No,NA
612271,19,Correct,2B,No,NA
612271,20,Correct,2B,No,NA
612271,21,Correct,2B,No,NA
612271,22,Correct,8B,No,NA
612271,23,Correct,1B,No,NA
612271,24,Incorrect,8B,No,NA
612271,25,Incorrect,8B,No,NA
612271,26,Incorrect,2B,No,NA
612271,27,Incorrect,1B,No,NA
612271,28,Correct,8B,No,NA
612271,29,Correct,2B,No,NA
612271,30,Incorrect,8B,No,NA
481853,1,Correct,2B,No,NA
481853,2,Incorrect,8B,No,NA
481853,3,Incorrect,1B,No,NA
481853,4,Incorrect,1B,No,NA
481853,5,Correct,1B,No,NA
481853,6,Correct,2B,No,NA
481853,7,Incorrect,1B,No,NA
481853,8,Correct,2B,No,NA
481853,9,Correct,2B,No,NA
481853,10,Correct,8B,No,NA
481853,11,Incorrect,8B,No,NA
481853,12,Correct,8B,No,NA
481853,13,Correct,1B,No,NA
481853,14,Correct,2B,No,NA
481853,15,Correct,1B,No,NA
481853,16,Incorrect,8B,No,NA
481853,17,Correct,2B,No,NA
481853,18,Correct,8B,No,NA
481853,19,Incorrect,8B,No,NA
481853,20,NA,8B,No,NA
481853,21,Correct,2B,No,NA
481853,22,NA,2B,No,NA
481853,23,Correct,1B,No,NA
481853,24,Incorrect,2B,No,NA
481853,25,Incorrect,1B,No,NA
481853,26,Correct,8B,No,NA
481853,27,Correct,2B,No,NA
481853,28,Incorrect,1B,No,NA
481853,29,Incorrect,8B,No,NA
481853,30,Incorrect,1B,No,NA
355508,1,Correct,1B,No,NA
355508,2,Incorrect,2B,No,NA
355508,3,Correct,8B,No,NA
355508,4,Correct,8B,No,NA
355508,5,Correct,2B,No,NA
355508,6,Correct,1B,No,NA
355508,7,Correct,2B,No,NA
355508,8,Incorrect,1B,No,NA
355508,9,Correct,1B,No,NA
355508,10,Correct,2B,No,NA
355508,11,Correct,8B,No,NA
355508,12,Correct,8B,No,NA
355508,13,Correct,8B,No,NA
355508,14,Correct,8B,No,NA
355508,15,Incorrect,2B,No,NA
355508,16,Incorrect,1B,No,NA
355508,17,Incorrect,2B,No,NA
355508,18,Correct,8B,No,NA
355508,19,Incorrect,1B,No,NA
355508,20,Correct,8B,No,NA
355508,21,Correct,8B,No,NA
355508,22,Incorrect,1B,No,NA
355508,23,Incorrect,1B,No,NA
355508,24,Correct,2B,No,NA
355508,25,Correct,1B,No,NA
355508,26,Incorrect,2B,No,NA
355508,27,Correct,1B,No,NA
355508,28,Incorrect,8B,No,NA
355508,29,Incorrect,2B,No,NA
355508,30,Correct,2B,No,NA
359132,1,Correct,8B,Yes,5
359132,2,Correct,8B,Yes,5
359132,3,Incorrect,2B,Yes,5
359132,4,Correct,2B,Yes,5
359132,5,Correct,2B,Yes,5
359132,6,Correct,8B,Yes,5
359132,7,Correct,2B,Yes,5
359132,8,Correct,2B,Yes,5
359132,9,Incorrect,1B,Yes,5
359132,10,Correct,2B,Yes,5
359132,11,Incorrect,1B,Yes,5
359132,12,Correct,8B,Yes,5
359132,13,Incorrect,1B,Yes,5
359132,14,Incorrect,1B,Yes,5
359132,15,Correct,1B,Yes,5
359132,16,Incorrect,1B,Yes,5
359132,17,Correct,2B,Yes,5
359132,18,Correct,2B,Yes,5
359132,19,Correct,2B,Yes,5
359132,20,Correct,2B,Yes,5
359132,21,Correct,8B,Yes,5
359132,22,Incorrect,1B,Yes,5
359132,23,Correct,1B,Yes,5
359132,24,Correct,1B,Yes,5
359132,25,Incorrect,8B,Yes,5
359132,26,Correct,8B,Yes,5
359132,27,Correct,8B,Yes,5
359132,28,Incorrect,8B,Yes,5
359132,29,Correct,1B,Yes,5
359132,30,Correct,8B,Yes,5
390332,1,Correct,8B,No,NA
390332,2,Incorrect,8B,No,NA
390332,3,Correct,8B,No,NA
390332,4,Incorrect,1B,No,NA
390332,5,Incorrect,1B,No,NA
390332,6,Incorrect,1B,No,NA
390332,7,Incorrect,1B,No,NA
390332,8,Incorrect,1B,No,NA
390332,9,Correct,8B,No,NA
390332,10,Correct,2B,No,NA
390332,11,Correct,2B,No,NA
390332,12,Correct,2B,No,NA
390332,13,Correct,8B,No,NA
390332,14,Correct,2B,No,NA
390332,15,Correct,2B,No,NA
390332,16,Incorrect,2B,No,NA
390332,17,Incorrect,1B,No,NA
390332,18,Incorrect,2B,No,NA
390332,19,Incorrect,2B,No,NA
390332,20,Correct,8B,No,NA
390332,21,Correct,1B,No,NA
390332,22,Correct,8B,No,NA
390332,23,Correct,8B,No,NA
390332,24,Correct,1B,No,NA
390332,25,Incorrect,8B,No,NA
390332,26,Incorrect,2B,No,NA
390332,27,Correct,1B,No,NA
390332,28,Correct,8B,No,NA
390332,29,Incorrect,2B,No,NA
390332,30,Correct,1B,No,NA
361491,1,Incorrect,1B,No,NA
361491,2,Correct,8B,No,NA
361491,3,Correct,8B,No,NA
361491,4,Correct,2B,No,NA
361491,5,Correct,8B,No,NA
361491,6,Incorrect,2B,No,NA
361491,7,Correct,1B,No,NA
361491,8,Incorrect,1B,No,NA
361491,9,Incorrect,1B,No,NA
361491,10,Correct,2B,No,NA
361491,11,Correct,8B,No,NA
361491,12,Incorrect,1B,No,NA
361491,13,Incorrect,1B,No,NA
361491,14,Incorrect,2B,No,NA
361491,15,Correct,8B,No,NA
361491,16,Correct,8B,No,NA
361491,17,NA,2B,No,NA
361491,18,Correct,8B,No,NA
361491,19,Correct,8B,No,NA
361491,20,Correct,2B,No,NA
361491,21,Correct,2B,No,NA
361491,22,Correct,8B,No,NA
361491,23,Incorrect,1B,No,NA
361491,24,Correct,1B,No,NA
361491,25,Correct,8B,No,NA
361491,26,Incorrect,2B,No,NA
361491,27,Incorrect,2B,No,NA
361491,28,Correct,1B,No,NA
361491,29,Correct,2B,No,NA
361491,30,Incorrect,1B,No,NA
481879,1,Correct,2B,Yes,5
481879,2,Incorrect,1B,Yes,5
481879,3,Incorrect,2B,Yes,5
481879,4,Correct,8B,Yes,5
481879,5,Correct,2B,Yes,5
481879,6,Correct,2B,Yes,5
481879,7,Correct,8B,Yes,5
481879,8,Incorrect,1B,Yes,5
481879,9,Correct,8B,Yes,5
481879,10,Incorrect,1B,Yes,5
481879,11,Correct,8B,Yes,5
481879,12,Correct,2B,Yes,5
481879,13,Correct,1B,Yes,5
481879,14,Incorrect,8B,Yes,5
481879,15,Incorrect,1B,Yes,5
481879,16,Incorrect,2B,Yes,5
481879,17,Correct,8B,Yes,5
481879,18,Incorrect,2B,Yes,5
481879,19,Incorrect,1B,Yes,5
481879,20,NA,1B,Yes,5
481879,21,Correct,1B,Yes,5
481879,22,Correct,1B,Yes,5
481879,23,Incorrect,8B,Yes,5
481879,24,Incorrect,2B,Yes,5
481879,25,Correct,2B,Yes,5
481879,26,Correct,8B,Yes,5
481879,27,Correct,1B,Yes,5
481879,28,Correct,2B,Yes,5
481879,29,Correct,8B,Yes,5
481879,30,Incorrect,8B,Yes,5
483538,1,Incorrect,2B,Yes,NA
483538,2,Incorrect,1B,Yes,NA
483538,3,Correct,8B,Yes,NA
483538,4,Correct,1B,Yes,NA
483538,5,Correct,2B,Yes,NA
483538,6,Correct,8B,Yes,NA
483538,7,Incorrect,8B,Yes,NA
483538,8,Correct,1B,Yes,NA
483538,9,Incorrect,2B,Yes,NA
483538,10,Incorrect,2B,Yes,NA
483538,11,Incorrect,8B,Yes,NA
483538,12,Incorrect,8B,Yes,NA
483538,13,Correct,2B,Yes,NA
483538,14,Incorrect,8B,Yes,NA
483538,15,Correct,8B,Yes,NA
483538,16,Correct,1B,Yes,NA
483538,17,Incorrect,1B,Yes,NA
483538,18,Correct,1B,Yes,NA
483538,19,Correct,1B,Yes,NA
483538,20,Incorrect,2B,Yes,NA
483538,21,Correct,1B,Yes,NA
483538,22,Correct,2B,Yes,NA
483538,23,Incorrect,2B,Yes,NA
483538,24,Incorrect,8B,Yes,NA
483538,25,Incorrect,8B,Yes,NA
483538,26,Correct,1B,Yes,NA
483538,27,Incorrect,8B,Yes,NA
483538,28,Correct,2B,Yes,NA
483538,29,Incorrect,2B,Yes,NA
483538,30,Incorrect,1B,Yes,NA
363873,1,Correct,1B,No,NA
363873,2,Correct,2B,No,NA
363873,3,Correct,8B,No,NA
363873,4,Incorrect,1B,No,NA
363873,5,Correct,1B,No,NA
363873,6,Correct,8B,No,NA
363873,7,Incorrect,2B,No,NA
363873,8,Incorrect,2B,No,NA
363873,9,Correct,8B,No,NA
363873,10,Correct,8B,No,NA
363873,11,Correct,1B,No,NA
363873,12,Correct,8B,No,NA
363873,13,Correct,2B,No,NA
363873,14,Correct,8B,No,NA
363873,15,Correct,2B,No,NA
363873,16,Incorrect,1B,No,NA
363873,17,Correct,8B,No,NA
363873,18,Incorrect,2B,No,NA
363873,19,Correct,8B,No,NA
363873,20,Correct,8B,No,NA
363873,21,Correct,2B,No,NA
363873,22,Correct,1B,No,NA
363873,23,Incorrect,1B,No,NA
363873,24,Correct,1B,No,NA
363873,25,Incorrect,8B,No,NA
363873,26,Correct,1B,No,NA
363873,27,Correct,2B,No,NA
363873,28,Correct,2B,No,NA
363873,29,Correct,1B,No,NA
363873,30,Correct,2B,No,NA
344111,1,Correct,1B,Yes,5
344111,2,Correct,2B,Yes,5
344111,3,Correct,2B,Yes,5
344111,4,Correct,2B,Yes,5
344111,5,Correct,8B,Yes,5
344111,6,Correct,8B,Yes,5
344111,7,Incorrect,2B,Yes,5
344111,8,Correct,1B,Yes,5
344111,9,Incorrect,8B,Yes,5
344111,10,Correct,8B,Yes,5
344111,11,Correct,1B,Yes,5
344111,12,Correct,2B,Yes,5
344111,13,Incorrect,8B,Yes,5
344111,14,Correct,2B,Yes,5
344111,15,Correct,1B,Yes,5
344111,16,Correct,1B,Yes,5
344111,17,Correct,2B,Yes,5
344111,18,Incorrect,1B,Yes,5
344111,19,Correct,1B,Yes,5
344111,20,Correct,1B,Yes,5
344111,21,Correct,8B,Yes,5
344111,22,Incorrect,2B,Yes,5
344111,23,Incorrect,8B,Yes,5
344111,24,Correct,8B,Yes,5
344111,25,Correct,8B,Yes,5
344111,26,Incorrect,8B,Yes,5
344111,27,Correct,2B,Yes,5
344111,28,Correct,2B,Yes,5
344111,29,Correct,1B,Yes,5
344111,30,Incorrect,1B,Yes,5
484185,1,Incorrect,2B,No,NA
484185,2,Correct,1B,No,NA
484185,3,Correct,8B,No,NA
484185,4,Correct,2B,No,NA
484185,5,Incorrect,8B,No,NA
484185,6,Correct,2B,No,NA
484185,7,Incorrect,8B,No,NA
484185,8,Correct,2B,No,NA
484185,9,Correct,1B,No,NA
484185,10,Incorrect,1B,No,NA
484185,11,Incorrect,8B,No,NA
484185,12,Correct,1B,No,NA
484185,13,Correct,8B,No,NA
484185,14,Incorrect,1B,No,NA
484185,15,Incorrect,1B,No,NA
484185,16,Correct,8B,No,NA
484185,17,Incorrect,1B,No,NA
484185,18,Correct,2B,No,NA
484185,19,Correct,2B,No,NA
484185,20,Incorrect,1B,No,NA
484185,21,Incorrect,8B,No,NA
484185,22,Correct,2B,No,NA
484185,23,Incorrect,2B,No,NA
484185,24,Correct,8B,No,NA
484185,25,Incorrect,8B,No,NA
484185,26,Correct,2B,No,NA
484185,27,Correct,2B,No,NA
484185,28,Correct,8B,No,NA
484185,29,Incorrect,1B,No,NA
484185,30,Incorrect,1B,No,NA
355343,1,Incorrect,8B,No,NA
355343,2,Correct,2B,No,NA
355343,3,Correct,8B,No,NA
355343,4,Incorrect,2B,No,NA
355343,5,Incorrect,1B,No,NA
355343,6,Correct,2B,No,NA
355343,7,Correct,2B,No,NA
355343,8,Incorrect,8B,No,NA
355343,9,Correct,8B,No,NA
355343,10,Correct,2B,No,NA
355343,11,Correct,1B,No,NA
355343,12,Incorrect,1B,No,NA
355343,13,Correct,1B,No,NA
355343,14,Correct,8B,No,NA
355343,15,Incorrect,1B,No,NA
355343,16,Incorrect,2B,No,NA
355343,17,Incorrect,2B,No,NA
355343,18,Incorrect,1B,No,NA
355343,19,Correct,2B,No,NA
355343,20,Correct,8B,No,NA
355343,21,Correct,2B,No,NA
355343,22,Correct,1B,No,NA
355343,23,Incorrect,1B,No,NA
355343,24,Correct,2B,No,NA
355343,25,Incorrect,1B,No,NA
355343,26,Correct,8B,No,NA
355343,27,Correct,8B,No,NA
355343,28,Correct,1B,No,NA
355343,29,Correct,8B,No,NA
355343,30,Incorrect,8B,No,NA
344058,1,Incorrect,2B,No,NA
344058,2,Correct,2B,No,NA
344058,3,Incorrect,2B,No,NA
344058,4,Correct,2B,No,NA
344058,5,Correct,1B,No,NA
344058,6,Correct,8B,No,NA
344058,7,Incorrect,2B,No,NA
344058,8,Incorrect,1B,No,NA
344058,9,Correct,2B,No,NA
344058,10,Correct,8B,No,NA
344058,11,Correct,8B,No,NA
344058,12,Correct,8B,No,NA
344058,13,Correct,8B,No,NA
344058,14,Correct,2B,No,NA
344058,15,Incorrect,1B,No,NA
344058,16,Incorrect,2B,No,NA
344058,17,Correct,8B,No,NA
344058,18,Incorrect,1B,No,NA
344058,19,Correct,1B,No,NA
344058,20,Incorrect,1B,No,NA
344058,21,Correct,1B,No,NA
344058,22,Incorrect,8B,No,NA
344058,23,Incorrect,2B,No,NA
344058,24,Incorrect,1B,No,NA
344058,25,Incorrect,8B,No,NA
344058,26,Correct,1B,No,NA
344058,27,Correct,8B,No,NA
344058,28,Correct,2B,No,NA
344058,29,Incorrect,1B,No,NA
344058,30,Incorrect,8B,No,NA
360267,1,Incorrect,8B,No,NA
360267,2,Correct,1B,No,NA
360267,3,Incorrect,2B,No,NA
360267,4,Correct,2B,No,NA
360267,5,Correct,8B,No,NA
360267,6,Incorrect,2B,No,NA
360267,7,Correct,8B,No,NA
360267,8,Correct,8B,No,NA
360267,9,Correct,1B,No,NA
360267,10,Correct,8B,No,NA
360267,11,Correct,1B,No,NA
360267,12,Correct,1B,No,NA
360267,13,Correct,1B,No,NA
360267,14,Correct,8B,No,NA
360267,15,Correct,2B,No,NA
360267,16,Incorrect,1B,No,NA
360267,17,Incorrect,1B,No,NA
360267,18,Incorrect,2B,No,NA
360267,19,Correct,2B,No,NA
360267,20,Correct,8B,No,NA
360267,21,Incorrect,2B,No,NA
360267,22,Incorrect,1B,No,NA
360267,23,Correct,8B,No,NA
360267,24,Incorrect,8B,No,NA
360267,25,Incorrect,2B,No,NA
360267,26,Incorrect,1B,No,NA
360267,27,Correct,1B,No,NA
360267,28,Correct,2B,No,NA
360267,29,Correct,8B,No,NA
360267,30,Incorrect,2B,No,NA
357422,1,Incorrect,8B,No,NA
357422,2,Correct,8B,No,NA
357422,3,Correct,8B,No,NA
357422,4,Incorrect,8B,No,NA
357422,5,Incorrect,2B,No,NA
357422,6,Correct,1B,No,NA
357422,7,Correct,8B,No,NA
357422,8,Correct,1B,No,NA
357422,9,Incorrect,2B,No,NA
357422,10,Incorrect,1B,No,NA
357422,11,Incorrect,1B,No,NA
357422,12,Correct,2B,No,NA
357422,13,Incorrect,8B,No,NA
357422,14,Incorrect,8B,No,NA
357422,15,Correct,1B,No,NA
357422,16,Correct,1B,No,NA
357422,17,Incorrect,2B,No,NA
357422,18,Incorrect,8B,No,NA
357422,19,Incorrect,2B,No,NA
357422,20,Correct,2B,No,NA
357422,21,Correct,1B,No,NA
357422,22,Correct,1B,No,NA
357422,23,Incorrect,1B,No,NA
357422,24,Incorrect,2B,No,NA
357422,25,Correct,8B,No,NA
357422,26,Correct,2B,No,NA
357422,27,Incorrect,1B,No,NA
357422,28,Incorrect,2B,No,NA
357422,29,Incorrect,8B,No,NA
357422,30,Incorrect,2B,No,NA
344106,1,Correct,2B,Yes,10
344106,2,Correct,8B,Yes,10
344106,3,Correct,8B,Yes,10
344106,4,Correct,8B,Yes,10
344106,5,Incorrect,8B,Yes,10
344106,6,Correct,1B,Yes,10
344106,7,Incorrect,8B,Yes,10
344106,8,Correct,1B,Yes,10
344106,9,Incorrect,2B,Yes,10
344106,10,Correct,2B,Yes,10
344106,11,Correct,2B,Yes,10
344106,12,Correct,1B,Yes,10
344106,13,Incorrect,1B,Yes,10
344106,14,Incorrect,1B,Yes,10
344106,15,Incorrect,2B,Yes,10
344106,16,Correct,2B,Yes,10
344106,17,Incorrect,1B,Yes,10
344106,18,Correct,8B,Yes,10
344106,19,NA,1B,Yes,10
344106,20,Incorrect,2B,Yes,10
344106,21,Correct,2B,Yes,10
344106,22,Incorrect,8B,Yes,10
344106,23,Incorrect,2B,Yes,10
344106,24,Correct,8B,Yes,10
344106,25,Incorrect,2B,Yes,10
344106,26,Correct,8B,Yes,10
344106,27,Incorrect,8B,Yes,10
344106,28,Incorrect,1B,Yes,10
344106,29,Correct,1B,Yes,10
344106,30,Correct,1B,Yes,10
347584,1,Correct,8B,No,NA
347584,2,Incorrect,1B,No,NA
347584,3,Incorrect,2B,No,NA
347584,4,Incorrect,8B,No,NA
347584,5,Incorrect,2B,No,NA
347584,6,Correct,8B,No,NA
347584,7,Incorrect,2B,No,NA
347584,8,Correct,8B,No,NA
347584,9,Correct,8B,No,NA
347584,10,Incorrect,8B,No,NA
347584,11,Incorrect,1B,No,NA
347584,12,Correct,8B,No,NA
347584,13,Incorrect,2B,No,NA
347584,14,Correct,1B,No,NA
347584,15,Correct,2B,No,NA
347584,16,Incorrect,2B,No,NA
347584,17,Incorrect,1B,No,NA
347584,18,Correct,8B,No,NA
347584,19,Incorrect,1B,No,NA
347584,20,Correct,1B,No,NA
347584,21,Correct,8B,No,NA
347584,22,Incorrect,2B,No,NA
347584,23,Incorrect,2B,No,NA
347584,24,Correct,2B,No,NA
347584,25,Correct,1B,No,NA
347584,26,Incorrect,1B,No,NA
347584,27,Correct,8B,No,NA
347584,28,Correct,1B,No,NA
347584,29,Incorrect,1B,No,NA
347584,30,Correct,2B,No,NA
355341,1,Incorrect,8B,No,NA
355341,2,Incorrect,2B,No,NA
355341,3,Incorrect,2B,No,NA
355341,4,Incorrect,2B,No,NA
355341,5,Correct,8B,No,NA
355341,6,Correct,2B,No,NA
355341,7,Correct,1B,No,NA
355341,8,Correct,2B,No,NA
355341,9,Incorrect,8B,No,NA
355341,10,Incorrect,8B,No,NA
355341,11,Correct,2B,No,NA
355341,12,Correct,8B,No,NA
355341,13,Correct,8B,No,NA
355341,14,Correct,1B,No,NA
355341,15,Incorrect,2B,No,NA
355341,16,Incorrect,8B,No,NA
355341,17,Correct,8B,No,NA
355341,18,Correct,2B,No,NA
355341,19,Correct,1B,No,NA
355341,20,Incorrect,1B,No,NA
355341,21,Incorrect,1B,No,NA
355341,22,Correct,1B,No,NA
355341,23,Correct,8B,No,NA
355341,24,Correct,1B,No,NA
355341,25,Correct,2B,No,NA
355341,26,Incorrect,8B,No,NA
355341,27,Correct,1B,No,NA
355341,28,Correct,2B,No,NA
355341,29,Incorrect,1B,No,NA
355341,30,Incorrect,1B,No,NA
360476,1,Correct,2B,Yes,6
360476,2,Correct,8B,Yes,6
360476,3,Correct,1B,Yes,6
360476,4,Correct,1B,Yes,6
360476,5,Incorrect,1B,Yes,6
360476,6,Incorrect,2B,Yes,6
360476,7,Correct,8B,Yes,6
360476,8,Correct,8B,Yes,6
360476,9,Correct,1B,Yes,6
360476,10,Correct,1B,Yes,6
360476,11,Incorrect,1B,Yes,6
360476,12,Incorrect,8B,Yes,6
360476,13,Correct,8B,Yes,6
360476,14,Correct,2B,Yes,6
360476,15,Incorrect,8B,Yes,6
360476,16,Correct,8B,Yes,6
360476,17,Incorrect,1B,Yes,6
360476,18,Incorrect,2B,Yes,6
360476,19,Correct,2B,Yes,6
360476,20,Incorrect,2B,Yes,6
360476,21,Correct,2B,Yes,6
360476,22,Incorrect,2B,Yes,6
360476,23,Correct,1B,Yes,6
360476,24,Correct,8B,Yes,6
360476,25,Correct,1B,Yes,6
360476,26,Correct,8B,Yes,6
360476,27,Incorrect,2B,Yes,6
360476,28,Correct,2B,Yes,6
360476,29,Correct,8B,Yes,6
360476,30,Incorrect,1B,Yes,6
364189,1,NA,1B,No,NA
364189,2,Incorrect,2B,No,NA
364189,3,Correct,2B,No,NA
364189,4,Correct,8B,No,NA
364189,5,Incorrect,1B,No,NA
364189,6,Incorrect,2B,No,NA
364189,7,Correct,1B,No,NA
364189,8,Correct,1B,No,NA
364189,9,Incorrect,8B,No,NA
364189,10,Incorrect,2B,No,NA
364189,11,Correct,1B,No,NA
364189,12,Correct,8B,No,NA
364189,13,Correct,2B,No,NA
364189,14,Correct,8B,No,NA
364189,15,Correct,8B,No,NA
364189,16,Incorrect,2B,No,NA
364189,17,Incorrect,1B,No,NA
364189,18,Correct,8B,No,NA
364189,19,Incorrect,8B,No,NA
364189,20,Incorrect,8B,No,NA
364189,21,Incorrect,1B,No,NA
364189,22,Correct,2B,No,NA
364189,23,Incorrect,1B,No,NA
364189,24,Correct,1B,No,NA
364189,25,Incorrect,1B,No,NA
364189,26,Correct,2B,No,NA
364189,27,Correct,2B,No,NA
364189,28,Incorrect,8B,No,NA
364189,29,Incorrect,8B,No,NA
364189,30,Correct,2B,No,NA
355340,1,Correct,1B,No,NA
355340,2,Correct,8B,No,NA
355340,3,Incorrect,2B,No,NA
355340,4,Incorrect,2B,No,NA
355340,5,Correct,2B,No,NA
355340,6,Correct,8B,No,NA
355340,7,Incorrect,1B,No,NA
355340,8,Incorrect,2B,No,NA
355340,9,Incorrect,1B,No,NA
355340,10,Correct,8B,No,NA
355340,11,Incorrect,2B,No,NA
355340,12,NA,2B,No,NA
355340,13,Incorrect,8B,No,NA
355340,14,Incorrect,8B,No,NA
355340,15,Incorrect,1B,No,NA
355340,16,Correct,8B,No,NA
355340,17,Correct,8B,No,NA
355340,18,Incorrect,8B,No,NA
355340,19,Correct,1B,No,NA
355340,20,Correct,8B,No,NA
355340,21,Incorrect,1B,No,NA
355340,22,Correct,2B,No,NA
355340,23,Correct,1B,No,NA
355340,24,Correct,1B,No,NA
355340,25,Correct,2B,No,NA
355340,26,Correct,1B,No,NA
355340,27,Correct,1B,No,NA
355340,28,Correct,2B,No,NA
355340,29,Correct,8B,No,NA
355340,30,Incorrect,2B,No,NA
344098,1,Correct,8B,Yes,8
344098,2,Incorrect,1B,Yes,8
344098,3,Correct,8B,Yes,8
344098,4,Incorrect,1B,Yes,8
344098,5,Incorrect,1B,Yes,8
344098,6,Incorrect,8B,Yes,8
344098,7,Correct,2B,Yes,8
344098,8,Correct,2B,Yes,8
344098,9,Incorrect,1B,Yes,8
344098,10,Incorrect,2B,Yes,8
344098,11,Incorrect,2B,Yes,8
344098,12,Correct,2B,Yes,8
344098,13,Correct,8B,Yes,8
344098,14,Incorrect,2B,Yes,8
344098,15,Incorrect,1B,Yes,8
344098,16,Correct,1B,Yes,8
344098,17,Correct,8B,Yes,8
344098,18,NA,2B,Yes,8
344098,19,Correct,1B,Yes,8
344098,20,Correct,1B,Yes,8
344098,21,Correct,8B,Yes,8
344098,22,Correct,2B,Yes,8
344098,23,Incorrect,1B,Yes,8
344098,24,Correct,1B,Yes,8
344098,25,Incorrect,2B,Yes,8
344098,26,Incorrect,8B,Yes,8
344098,27,Correct,2B,Yes,8
344098,28,Incorrect,8B,Yes,8
344098,29,Correct,8B,Yes,8
344098,30,Correct,8B,Yes,8
361595,1,Correct,2B,No,NA
361595,2,Correct,8B,No,NA
361595,3,Incorrect,1B,No,NA
361595,4,Incorrect,1B,No,NA
361595,5,NA,2B,No,NA
361595,6,Correct,1B,No,NA
361595,7,Incorrect,8B,No,NA
361595,8,Correct,2B,No,NA
361595,9,Incorrect,1B,No,NA
361595,10,Correct,8B,No,NA
361595,11,Correct,2B,No,NA
361595,12,Incorrect,8B,No,NA
361595,13,Incorrect,2B,No,NA
361595,14,Correct,1B,No,NA
361595,15,Correct,8B,No,NA
361595,16,Incorrect,1B,No,NA
361595,17,Incorrect,2B,No,NA
361595,18,Correct,1B,No,NA
361595,19,Correct,8B,No,NA
361595,20,Correct,2B,No,NA
361595,21,Correct,2B,No,NA
361595,22,Correct,1B,No,NA
361595,23,Correct,8B,No,NA
361595,24,Correct,2B,No,NA
361595,25,Incorrect,1B,No,NA
361595,26,Incorrect,2B,No,NA
361595,27,Correct,1B,No,NA
361595,28,Incorrect,8B,No,NA
361595,29,Correct,8B,No,NA
361595,30,Incorrect,8B,No,NA
344088,1,Correct,2B,No,NA
344088,2,Correct,8B,No,NA
344088,3,Correct,8B,No,NA
344088,4,Correct,8B,No,NA
344088,5,Incorrect,1B,No,NA
344088,6,Correct,2B,No,NA
344088,7,Correct,1B,No,NA
344088,8,Correct,8B,No,NA
344088,9,Correct,2B,No,NA
344088,10,Incorrect,8B,No,NA
344088,11,Incorrect,8B,No,NA
344088,12,Correct,1B,No,NA
344088,13,Correct,2B,No,NA
344088,14,Incorrect,2B,No,NA
344088,15,Correct,8B,No,NA
344088,16,Correct,1B,No,NA
344088,17,Incorrect,1B,No,NA
344088,18,Correct,2B,No,NA
344088,19,Correct,2B,No,NA
344088,20,Correct,8B,No,NA
344088,21,Correct,1B,No,NA
344088,22,Correct,1B,No,NA
344088,23,Incorrect,2B,No,NA
344088,24,Incorrect,1B,No,NA
344088,25,Incorrect,8B,No,NA
344088,26,Correct,2B,No,NA
344088,27,Correct,1B,No,NA
344088,28,Correct,8B,No,NA
344088,29,Incorrect,1B,No,NA
344088,30,Correct,2B,No,NA
344102,1,Correct,1B,Yes,6
344102,7,Correct,1B,Yes,6
344102,8,Correct,1B,Yes,6
344102,10,Incorrect,1B,Yes,6
344102,11,Incorrect,1B,Yes,6
344102,12,Correct,1B,Yes,6
344102,15,Correct,1B,Yes,6
344102,16,Incorrect,1B,Yes,6
344102,17,Incorrect,1B,Yes,6
344102,25,Incorrect,1B,Yes,6
344102,9,Correct,2B,Yes,6
344102,13,Correct,2B,Yes,6
344102,14,Correct,2B,Yes,6
344102,21,Incorrect,2B,Yes,6
344102,23,Incorrect,2B,Yes,6
344102,24,Correct,2B,Yes,6
344102,26,Correct,2B,Yes,6
344102,28,Correct,2B,Yes,6
344102,29,Correct,2B,Yes,6
344102,30,Correct,2B,Yes,6
344102,2,Incorrect,8B,Yes,6
344102,3,Correct,8B,Yes,6
344102,4,Incorrect,8B,Yes,6
344102,5,Correct,8B,Yes,6
344102,6,Correct,8B,Yes,6
344102,18,Correct,8B,Yes,6
344102,19,Correct,8B,Yes,6
344102,20,Correct,8B,Yes,6
344102,22,Correct,8B,Yes,6
344102,27,Correct,8B,Yes,6
342215,1,Correct,2B,Yes,6
342215,2,Correct,2B,Yes,6
342215,3,Correct,2B,Yes,6
342215,4,Incorrect,2B,Yes,6
342215,5,Correct,8B,Yes,6
342215,6,Correct,2B,Yes,6
342215,7,Incorrect,8B,Yes,6
342215,8,Correct,2B,Yes,6
342215,9,Correct,2B,Yes,6
342215,10,Correct,8B,Yes,6
342215,11,Correct,1B,Yes,6
342215,12,Correct,1B,Yes,6
342215,13,Incorrect,1B,Yes,6
342215,14,Incorrect,2B,Yes,6
342215,15,Correct,2B,Yes,6
342215,16,Incorrect,1B,Yes,6
342215,17,Incorrect,8B,Yes,6
342215,18,NA,8B,Yes,6
342215,19,Incorrect,1B,Yes,6
342215,20,Correct,1B,Yes,6
342215,21,Incorrect,1B,Yes,6
342215,22,NA,2B,Yes,6
342215,23,Correct,8B,Yes,6
342215,24,Correct,8B,Yes,6
342215,25,NA,8B,Yes,6
342215,26,Correct,1B,Yes,6
342215,27,Incorrect,8B,Yes,6
342215,28,Correct,1B,Yes,6
342215,29,Correct,8B,Yes,6
342215,30,Incorrect,1B,Yes,6
344100,1,Incorrect,8B,Yes,6
344100,2,Correct,2B,Yes,6
344100,3,Incorrect,2B,Yes,6
344100,4,Correct,1B,Yes,6
344100,5,Correct,8B,Yes,6
344100,6,Correct,8B,Yes,6
344100,7,Incorrect,2B,Yes,6
344100,8,Incorrect,1B,Yes,6
344100,9,Correct,8B,Yes,6
344100,10,Correct,1B,Yes,6
344100,11,Incorrect,8B,Yes,6
344100,12,Incorrect,1B,Yes,6
344100,13,Correct,1B,Yes,6
344100,14,Incorrect,2B,Yes,6
344100,15,Correct,1B,Yes,6
344100,16,Incorrect,1B,Yes,6
344100,17,Correct,2B,Yes,6
344100,18,Correct,8B,Yes,6
344100,19,Correct,2B,Yes,6
344100,20,Correct,1B,Yes,6
344100,21,Incorrect,2B,Yes,6
344100,22,Incorrect,8B,Yes,6
344100,23,Correct,1B,Yes,6
344100,24,Correct,8B,Yes,6
344100,25,Correct,8B,Yes,6
344100,26,Correct,1B,Yes,6
344100,27,Correct,8B,Yes,6
344100,28,Correct,2B,Yes,6
344100,29,Incorrect,2B,Yes,6
344100,30,Correct,2B,Yes,6
344101,1,NA,1B,Yes,6
344101,2,Incorrect,8B,Yes,6
344101,3,Correct,8B,Yes,6
344101,4,Incorrect,1B,Yes,6
344101,5,Correct,2B,Yes,6
344101,6,Correct,8B,Yes,6
344101,7,NA,8B,Yes,6
344101,8,Correct,8B,Yes,6
344101,9,Correct,2B,Yes,6
344101,10,Incorrect,1B,Yes,6
344101,11,Incorrect,8B,Yes,6
344101,12,Incorrect,2B,Yes,6
344101,13,Correct,8B,Yes,6
344101,14,Incorrect,2B,Yes,6
344101,15,Incorrect,1B,Yes,6
344101,16,Correct,2B,Yes,6
344101,17,Incorrect,2B,Yes,6
344101,18,Correct,8B,Yes,6
344101,19,Correct,1B,Yes,6
344101,20,Correct,8B,Yes,6
344101,21,Correct,2B,Yes,6
344101,22,Correct,2B,Yes,6
344101,23,Correct,1B,Yes,6
344101,24,Correct,1B,Yes,6
344101,25,Correct,2B,Yes,6
344101,26,Correct,8B,Yes,6
344101,27,Incorrect,2B,Yes,6
344101,28,Correct,1B,Yes,6
344101,29,Incorrect,1B,Yes,6
344101,30,Correct,1B,Yes,6
385577,1,Correct,1B,Yes,9
385577,2,NA,8B,Yes,9
385577,3,Correct,8B,Yes,9
385577,4,Incorrect,2B,Yes,9
385577,5,Correct,8B,Yes,9
385577,6,Incorrect,1B,Yes,9
385577,7,Correct,2B,Yes,9
385577,8,Incorrect,2B,Yes,9
385577,9,Correct,8B,Yes,9
385577,10,Correct,8B,Yes,9
385577,11,Correct,1B,Yes,9
385577,12,Correct,2B,Yes,9
385577,13,Correct,2B,Yes,9
385577,14,Incorrect,8B,Yes,9
385577,15,Correct,1B,Yes,9
385577,16,Correct,2B,Yes,9
385577,17,Correct,2B,Yes,9
385577,18,Incorrect,1B,Yes,9
385577,19,Correct,1B,Yes,9
385577,20,Correct,1B,Yes,9
385577,21,Incorrect,8B,Yes,9
385577,22,Correct,2B,Yes,9
385577,23,Correct,1B,Yes,9
385577,24,Correct,8B,Yes,9
385577,25,NA,8B,Yes,9
385577,26,Correct,8B,Yes,9
385577,27,Incorrect,2B,Yes,9
385577,28,Incorrect,1B,Yes,9
385577,29,Correct,1B,Yes,9
385577,30,Correct,2B,Yes,9
345992,1,Incorrect,1B,Yes,5
345992,2,NA,1B,Yes,5
345992,3,Correct,2B,Yes,5
345992,4,Correct,8B,Yes,5
345992,5,Correct,8B,Yes,5
345992,6,Correct,1B,Yes,5
345992,7,Correct,2B,Yes,5
345992,8,Correct,8B,Yes,5
345992,9,Correct,2B,Yes,5
345992,10,Correct,2B,Yes,5
345992,11,Correct,1B,Yes,5
345992,12,Incorrect,2B,Yes,5
345992,13,Incorrect,8B,Yes,5
345992,14,Correct,8B,Yes,5
345992,15,Incorrect,1B,Yes,5
345992,16,Incorrect,1B,Yes,5
345992,17,Correct,1B,Yes,5
345992,18,Incorrect,1B,Yes,5
345992,19,Incorrect,2B,Yes,5
345992,20,Correct,2B,Yes,5
345992,21,Correct,8B,Yes,5
345992,22,Correct,1B,Yes,5
345992,23,Correct,2B,Yes,5
345992,24,Correct,2B,Yes,5
345992,25,Correct,8B,Yes,5
345992,26,Incorrect,2B,Yes,5
345992,27,Incorrect,8B,Yes,5
345992,28,Incorrect,1B,Yes,5
345992,29,Correct,8B,Yes,5
345992,30,Incorrect,8B,Yes,5
360247,1,Incorrect,1B,No,NA
360247,2,Correct,2B,No,NA
360247,3,Incorrect,1B,No,NA
360247,4,Incorrect,2B,No,NA
360247,5,Correct,8B,No,NA
360247,6,Correct,2B,No,NA
360247,7,Incorrect,1B,No,NA
360247,8,Incorrect,8B,No,NA
360247,9,Correct,2B,No,NA
360247,10,Incorrect,2B,No,NA
360247,11,Correct,2B,No,NA
360247,12,Incorrect,1B,No,NA
360247,13,Correct,2B,No,NA
360247,14,Correct,8B,No,NA
360247,15,Incorrect,8B,No,NA
360247,16,Correct,1B,No,NA
360247,17,Correct,8B,No,NA
360247,18,Correct,2B,No,NA
360247,19,Incorrect,1B,No,NA
360247,20,Incorrect,1B,No,NA
360247,21,Correct,2B,No,NA
360247,22,Incorrect,8B,No,NA
360247,23,Correct,8B,No,NA
360247,24,Correct,8B,No,NA
360247,25,Incorrect,8B,No,NA
360247,26,Incorrect,1B,No,NA
360247,27,Correct,1B,No,NA
360247,28,Incorrect,2B,No,NA
360247,29,Correct,1B,No,NA
360247,30,Correct,8B,No,NA
388329,1,Incorrect,1B,No,NA
388329,2,Correct,8B,No,NA
388329,3,Incorrect,1B,No,NA
388329,4,Incorrect,8B,No,NA
388329,5,Correct,8B,No,NA
388329,6,Correct,8B,No,NA
388329,7,Incorrect,1B,No,NA
388329,8,Correct,2B,No,NA
388329,9,Correct,8B,No,NA
388329,10,Incorrect,2B,No,NA
388329,11,Correct,2B,No,NA
388329,12,Correct,2B,No,NA
388329,13,Incorrect,1B,No,NA
388329,14,Correct,8B,No,NA
388329,15,Correct,8B,No,NA
388329,16,Incorrect,1B,No,NA
388329,17,Incorrect,1B,No,NA
388329,18,Incorrect,1B,No,NA
388329,19,Correct,8B,No,NA
388329,20,Incorrect,2B,No,NA
388329,21,Correct,2B,No,NA
388329,22,Correct,2B,No,NA
388329,23,Correct,1B,No,NA
388329,24,Incorrect,1B,No,NA
388329,25,Correct,2B,No,NA
388329,26,Correct,8B,No,NA
388329,27,Correct,2B,No,NA
388329,28,Incorrect,8B,No,NA
388329,29,Correct,1B,No,NA
388329,30,Correct,2B,No,NA
352021,1,Incorrect,2B,No,NA
352021,2,Correct,8B,No,NA
352021,3,Correct,1B,No,NA
352021,4,Incorrect,1B,No,NA
352021,5,Incorrect,2B,No,NA
352021,6,Incorrect,2B,No,NA
352021,7,Incorrect,1B,No,NA
352021,8,Correct,2B,No,NA
352021,9,Correct,2B,No,NA
352021,10,Correct,8B,No,NA
352021,11,Correct,8B,No,NA
352021,12,Incorrect,8B,No,NA
352021,13,Incorrect,1B,No,NA
352021,14,Incorrect,2B,No,NA
352021,15,Correct,8B,No,NA
352021,16,Incorrect,8B,No,NA
352021,17,Incorrect,1B,No,NA
352021,18,Correct,2B,No,NA
352021,19,Correct,2B,No,NA
352021,20,Correct,1B,No,NA
352021,21,Incorrect,1B,No,NA
352021,22,Correct,1B,No,NA
352021,23,Correct,8B,No,NA
352021,24,Correct,8B,No,NA
352021,25,Incorrect,1B,No,NA
352021,26,Incorrect,8B,No,NA
352021,27,Incorrect,1B,No,NA
352021,28,Correct,2B,No,NA
352021,29,Incorrect,8B,No,NA
352021,30,Correct,2B,No,NA
483538,1,Incorrect,2B,Yes,NA
483538,2,Incorrect,1B,Yes,NA
483538,3,Correct,8B,Yes,NA
483538,4,Correct,1B,Yes,NA
483538,5,Correct,2B,Yes,NA
483538,6,Correct,8B,Yes,NA
483538,7,Incorrect,8B,Yes,NA
483538,8,Correct,1B,Yes,NA
483538,9,Incorrect,2B,Yes,NA
483538,10,Incorrect,2B,Yes,NA
483538,11,Incorrect,8B,Yes,NA
483538,12,Incorrect,8B,Yes,NA
483538,13,Correct,2B,Yes,NA
483538,14,Incorrect,8B,Yes,NA
483538,15,Correct,8B,Yes,NA
483538,16,Correct,1B,Yes,NA
483538,17,Incorrect,1B,Yes,NA
483538,18,Correct,1B,Yes,NA
483538,19,Correct,1B,Yes,NA
483538,20,Incorrect,2B,Yes,NA
483538,21,Correct,1B,Yes,NA
483538,22,Correct,2B,Yes,NA
483538,23,Incorrect,2B,Yes,NA
483538,24,Incorrect,8B,Yes,NA
483538,25,Incorrect,8B,Yes,NA
483538,26,Correct,1B,Yes,NA
483538,27,Incorrect,8B,Yes,NA
483538,28,Correct,2B,Yes,NA
483538,29,Incorrect,2B,Yes,NA
483538,30,Incorrect,1B,Yes,NA
352026,1,Incorrect,8B,No,NA
352026,2,Incorrect,1B,No,NA
352026,3,NA,8B,No,NA
352026,4,Incorrect,2B,No,NA
352026,5,Correct,2B,No,NA
352026,6,Correct,2B,No,NA
352026,7,Correct,8B,No,NA
352026,8,Correct,2B,No,NA
352026,9,Correct,1B,No,NA
352026,10,Incorrect,1B,No,NA
352026,11,Incorrect,2B,No,NA
352026,12,Correct,2B,No,NA
352026,13,Correct,8B,No,NA
352026,14,Correct,8B,No,NA
352026,15,Correct,1B,No,NA
352026,16,Incorrect,2B,No,NA
352026,17,Correct,2B,No,NA
352026,18,Incorrect,1B,No,NA
352026,19,Correct,1B,No,NA
352026,20,Correct,1B,No,NA
352026,21,Correct,8B,No,NA
352026,22,Correct,1B,No,NA
352026,23,Incorrect,8B,No,NA
352026,24,Correct,1B,No,NA
352026,25,Correct,2B,No,NA
352026,26,Correct,2B,No,NA
352026,27,Correct,1B,No,NA
352026,28,Correct,8B,No,NA
352026,29,Correct,8B,No,NA
352026,30,Correct,8B,No,NA
360645,1,Incorrect,2B,No,NA
360645,2,Incorrect,8B,No,NA
360645,3,Incorrect,1B,No,NA
360645,4,Correct,1B,No,NA
360645,5,Incorrect,1B,No,NA
360645,6,Correct,8B,No,NA
360645,7,Correct,2B,No,NA
360645,8,Incorrect,8B,No,NA
360645,9,Correct,2B,No,NA
360645,10,Incorrect,2B,No,NA
360645,11,Incorrect,8B,No,NA
360645,12,Incorrect,2B,No,NA
360645,13,Correct,8B,No,NA
360645,14,Incorrect,1B,No,NA
360645,15,Incorrect,8B,No,NA
360645,16,Correct,8B,No,NA
360645,17,Incorrect,2B,No,NA
360645,18,Incorrect,2B,No,NA
360645,19,Correct,1B,No,NA
360645,20,Correct,8B,No,NA
360645,21,Correct,1B,No,NA
360645,22,Correct,2B,No,NA
360645,23,Correct,2B,No,NA
360645,24,Incorrect,1B,No,NA
360645,25,Correct,8B,No,NA
360645,26,Incorrect,1B,No,NA
360645,27,NA,1B,No,NA
360645,28,Incorrect,1B,No,NA
360645,29,Correct,8B,No,NA
360645,30,Incorrect,2B,No,NA
360651,1,Correct,8B,Yes,22
360651,2,NA,1B,Yes,22
360651,3,Correct,8B,Yes,22
360651,4,Incorrect,2B,Yes,22
360651,5,Correct,1B,Yes,22
360651,6,Incorrect,1B,Yes,22
360651,7,Correct,1B,Yes,22
360651,8,Correct,8B,Yes,22
360651,9,Correct,1B,Yes,22
360651,10,Correct,2B,Yes,22
360651,11,Correct,8B,Yes,22
360651,12,Correct,2B,Yes,22
360651,13,Incorrect,2B,Yes,22
360651,14,Correct,2B,Yes,22
360651,15,Incorrect,1B,Yes,22
360651,16,Incorrect,2B,Yes,22
360651,17,Correct,1B,Yes,22
360651,18,Correct,8B,Yes,22
360651,19,Incorrect,1B,Yes,22
360651,20,Incorrect,2B,Yes,22
360651,21,Correct,2B,Yes,22
360651,22,Correct,2B,Yes,22
360651,23,Incorrect,8B,Yes,22
360651,24,Correct,8B,Yes,22
360651,25,Correct,8B,Yes,22
360651,26,Correct,2B,Yes,22
360651,27,Correct,8B,Yes,22
360651,28,Incorrect,1B,Yes,22
360651,29,Incorrect,1B,Yes,22
360651,30,Correct,8B,Yes,22
616135,1,Incorrect,8B,No,NA
616135,2,Correct,1B,No,NA
616135,3,Incorrect,8B,No,NA
616135,4,Correct,8B,No,NA
616135,5,Correct,1B,No,NA
616135,6,Incorrect,2B,No,NA
616135,7,Correct,2B,No,NA
616135,8,Correct,8B,No,NA
616135,9,Incorrect,2B,No,NA
616135,10,Correct,8B,No,NA
616135,11,Incorrect,2B,No,NA
616135,12,Correct,8B,No,NA
616135,13,Correct,8B,No,NA
616135,14,Incorrect,8B,No,NA
616135,15,Incorrect,2B,No,NA
616135,16,Correct,2B,No,NA
616135,17,Correct,1B,No,NA
616135,18,Correct,2B,No,NA
616135,19,Incorrect,2B,No,NA
616135,20,Incorrect,1B,No,NA
616135,21,Correct,1B,No,NA
616135,22,Correct,2B,No,NA
616135,23,Incorrect,2B,No,NA
616135,24,Incorrect,1B,No,NA
616135,25,Incorrect,8B,No,NA
616135,26,Incorrect,1B,No,NA
616135,27,Correct,1B,No,NA
616135,28,Incorrect,1B,No,NA
616135,29,Correct,8B,No,NA
616135,30,NA,1B,No,NA
357407,1,Correct,8B,Yes,19
357407,2,Incorrect,8B,Yes,19
357407,3,Correct,8B,Yes,19
357407,4,Incorrect,8B,Yes,19
357407,5,Correct,2B,Yes,19
357407,6,Correct,8B,Yes,19
357407,7,Correct,1B,Yes,19
357407,8,Correct,2B,Yes,19
357407,9,Incorrect,1B,Yes,19
357407,10,Incorrect,2B,Yes,19
357407,11,Correct,8B,Yes,19
357407,12,Incorrect,1B,Yes,19
357407,13,Incorrect,2B,Yes,19
357407,14,Incorrect,2B,Yes,19
357407,15,Incorrect,2B,Yes,19
357407,16,Correct,8B,Yes,19
357407,17,Correct,2B,Yes,19
357407,18,Incorrect,1B,Yes,19
357407,19,Correct,1B,Yes,19
357407,20,Correct,8B,Yes,19
357407,21,Correct,8B,Yes,19
357407,22,Correct,8B,Yes,19
357407,23,Correct,1B,Yes,19
357407,24,Correct,1B,Yes,19
357407,25,Incorrect,2B,Yes,19
357407,26,Incorrect,1B,Yes,19
357407,27,Correct,2B,Yes,19
357407,28,Incorrect,1B,Yes,19
357407,29,Correct,2B,Yes,19
357407,30,Correct,1B,Yes,19
360281,1,Correct,8B,No,NA
360281,2,Correct,2B,No,NA
360281,3,Incorrect,2B,No,NA
360281,4,Correct,8B,No,NA
360281,5,Correct,2B,No,NA
360281,6,Correct,8B,No,NA
360281,7,Correct,2B,No,NA
360281,8,Incorrect,8B,No,NA
360281,9,Incorrect,2B,No,NA
360281,10,Correct,2B,No,NA
360281,11,Incorrect,8B,No,NA
360281,12,Incorrect,1B,No,NA
360281,13,Correct,8B,No,NA
360281,14,Correct,1B,No,NA
360281,15,Incorrect,1B,No,NA
360281,16,Incorrect,2B,No,NA
360281,17,Correct,1B,No,NA
360281,18,Incorrect,1B,No,NA
360281,19,Incorrect,8B,No,NA
360281,20,Correct,8B,No,NA
360281,21,Correct,1B,No,NA
360281,22,Incorrect,1B,No,NA
360281,23,Correct,2B,No,NA
360281,24,Correct,8B,No,NA
360281,25,Correct,8B,No,NA
360281,26,Correct,2B,No,NA
360281,27,Incorrect,1B,No,NA
360281,28,Correct,1B,No,NA
360281,29,Correct,1B,No,NA
360281,30,Correct,2B,No,NA
389621,1,Incorrect,1B,Yes,16
389621,2,Incorrect,2B,Yes,16
389621,3,Incorrect,2B,Yes,16
389621,4,Incorrect,1B,Yes,16
389621,5,Correct,2B,Yes,16
389621,6,Incorrect,1B,Yes,16
389621,7,Correct,8B,Yes,16
389621,8,Incorrect,1B,Yes,16
389621,9,Correct,2B,Yes,16
389621,10,Correct,8B,Yes,16
389621,11,Correct,8B,Yes,16
389621,12,Correct,1B,Yes,16
389621,13,Correct,8B,Yes,16
389621,14,Correct,8B,Yes,16
389621,15,Incorrect,2B,Yes,16
389621,16,Correct,8B,Yes,16
389621,17,Incorrect,1B,Yes,16
389621,18,Correct,2B,Yes,16
389621,19,Correct,1B,Yes,16
389621,20,Incorrect,1B,Yes,16
389621,21,Incorrect,8B,Yes,16
389621,22,Correct,1B,Yes,16
389621,23,Incorrect,2B,Yes,16
389621,24,Incorrect,2B,Yes,16
389621,25,Correct,8B,Yes,16
389621,26,Correct,1B,Yes,16
389621,27,Correct,8B,Yes,16
389621,28,Incorrect,2B,Yes,16
389621,29,Incorrect,2B,Yes,16
389621,30,Correct,8B,Yes,16
344108,1,Correct,1B,Yes,11
344108,2,Correct,8B,Yes,11
344108,3,Correct,2B,Yes,11
344108,4,Correct,2B,Yes,11
344108,5,Incorrect,8B,Yes,11
344108,6,Correct,8B,Yes,11
344108,7,Correct,1B,Yes,11
344108,8,Incorrect,1B,Yes,11
344108,9,Correct,8B,Yes,11
344108,10,Incorrect,2B,Yes,11
344108,11,NA,2B,Yes,11
344108,12,Incorrect,1B,Yes,11
344108,13,Correct,1B,Yes,11
344108,14,Incorrect,2B,Yes,11
344108,15,Correct,2B,Yes,11
344108,16,Correct,2B,Yes,11
344108,17,Correct,2B,Yes,11
344108,18,Correct,2B,Yes,11
344108,19,Incorrect,1B,Yes,11
344108,20,Correct,1B,Yes,11
344108,21,Correct,8B,Yes,11
344108,22,Incorrect,8B,Yes,11
344108,23,Incorrect,1B,Yes,11
344108,24,Correct,8B,Yes,11
344108,25,Correct,2B,Yes,11
344108,26,Correct,1B,Yes,11
344108,27,Correct,8B,Yes,11
344108,28,Correct,8B,Yes,11
344108,29,Incorrect,8B,Yes,11
344108,30,Incorrect,1B,Yes,11
357404,1,Correct,2B,Yes,5
357404,2,Correct,8B,Yes,5
357404,3,Correct,8B,Yes,5
357404,4,Correct,8B,Yes,5
357404,5,Correct,2B,Yes,5
357404,6,Incorrect,1B,Yes,5
357404,7,Incorrect,2B,Yes,5
357404,8,Correct,8B,Yes,5
357404,9,Correct,1B,Yes,5
357404,10,Incorrect,2B,Yes,5
357404,11,Incorrect,1B,Yes,5
357404,12,Incorrect,8B,Yes,5
357404,13,Incorrect,8B,Yes,5
357404,14,Incorrect,1B,Yes,5
357404,15,Incorrect,1B,Yes,5
357404,16,Correct,1B,Yes,5
357404,17,Correct,8B,Yes,5
357404,18,Incorrect,2B,Yes,5
357404,19,Incorrect,2B,Yes,5
357404,20,Incorrect,1B,Yes,5
357404,21,Correct,1B,Yes,5
357404,22,Correct,8B,Yes,5
357404,23,Correct,2B,Yes,5
357404,24,Incorrect,8B,Yes,5
357404,25,Correct,2B,Yes,5
357404,26,Correct,2B,Yes,5
357404,27,Correct,1B,Yes,5
357404,28,Incorrect,8B,Yes,5
357404,29,Correct,2B,Yes,5
357404,30,Incorrect,1B,Yes,5
481849,1,NA,1B,Yes,8
481849,2,Correct,1B,Yes,8
481849,3,Incorrect,8B,Yes,8
481849,4,Correct,2B,Yes,8
481849,5,Correct,8B,Yes,8
481849,6,Incorrect,1B,Yes,8
481849,7,NA,8B,Yes,8
481849,8,Correct,2B,Yes,8
481849,9,Incorrect,2B,Yes,8
481849,10,Incorrect,2B,Yes,8
481849,11,Incorrect,1B,Yes,8
481849,12,Incorrect,1B,Yes,8
481849,13,Correct,8B,Yes,8
481849,14,Correct,8B,Yes,8
481849,15,NA,8B,Yes,8
481849,16,Correct,8B,Yes,8
481849,17,Correct,1B,Yes,8
481849,18,Incorrect,2B,Yes,8
481849,19,Correct,2B,Yes,8
481849,20,Incorrect,2B,Yes,8
481849,21,Correct,1B,Yes,8
481849,22,NA,2B,Yes,8
481849,23,Correct,1B,Yes,8
481849,24,Correct,2B,Yes,8
481849,25,NA,8B,Yes,8
481849,26,Correct,8B,Yes,8
481849,27,Correct,8B,Yes,8
481849,28,Correct,1B,Yes,8
481849,29,Correct,2B,Yes,8
481849,30,Incorrect,1B,Yes,8
356813,1,Incorrect,2B,Yes,7
356813,2,Correct,2B,Yes,7
356813,3,Correct,2B,Yes,7
356813,4,Correct,1B,Yes,7
356813,5,Correct,2B,Yes,7
356813,6,Incorrect,1B,Yes,7
356813,7,Correct,1B,Yes,7
356813,8,Correct,8B,Yes,7
356813,9,Incorrect,2B,Yes,7
356813,10,Incorrect,1B,Yes,7
356813,11,Incorrect,2B,Yes,7
356813,12,Correct,1B,Yes,7
356813,13,Correct,8B,Yes,7
356813,14,Incorrect,1B,Yes,7
356813,15,Correct,1B,Yes,7
356813,16,Correct,8B,Yes,7
356813,17,Correct,8B,Yes,7
356813,18,Incorrect,8B,Yes,7
356813,19,Correct,8B,Yes,7
356813,20,Incorrect,8B,Yes,7
356813,21,Incorrect,2B,Yes,7
356813,22,Incorrect,2B,Yes,7
356813,23,Incorrect,8B,Yes,7
356813,24,Correct,1B,Yes,7
356813,25,Correct,1B,Yes,7
356813,26,Incorrect,1B,Yes,7
356813,27,Correct,2B,Yes,7
356813,28,Correct,8B,Yes,7
356813,29,Incorrect,2B,Yes,7
356813,30,Incorrect,8B,Yes,7
481860,1,NA,1B,No,NA
481860,2,Correct,8B,No,NA
481860,3,Incorrect,1B,No,NA
481860,4,Incorrect,8B,No,NA
481860,5,Incorrect,2B,No,NA
481860,6,Correct,8B,No,NA
481860,7,Incorrect,1B,No,NA
481860,8,Correct,2B,No,NA
481860,9,Incorrect,1B,No,NA
481860,10,Correct,2B,No,NA
481860,11,Correct,1B,No,NA
481860,12,Correct,8B,No,NA
481860,13,Correct,8B,No,NA
481860,14,Correct,8B,No,NA
481860,15,Incorrect,2B,No,NA
481860,16,Incorrect,2B,No,NA
481860,17,Correct,1B,No,NA
481860,18,Correct,1B,No,NA
481860,19,Incorrect,2B,No,NA
481860,20,Incorrect,1B,No,NA
481860,21,Correct,8B,No,NA
481860,22,Incorrect,2B,No,NA
481860,23,Correct,2B,No,NA
481860,24,Correct,1B,No,NA
481860,25,Incorrect,2B,No,NA
481860,26,Correct,8B,No,NA
481860,27,Correct,1B,No,NA
481860,28,Incorrect,8B,No,NA
481860,29,Correct,2B,No,NA
481860,30,Incorrect,8B,No,NA
363300,1,Correct,1B,No,NA
363300,2,Correct,1B,No,NA
363300,3,Correct,2B,No,NA
363300,4,Correct,1B,No,NA
363300,5,Incorrect,1B,No,NA
363300,6,Incorrect,8B,No,NA
363300,7,Correct,2B,No,NA
363300,8,Incorrect,8B,No,NA
363300,9,Incorrect,2B,No,NA
363300,10,Incorrect,1B,No,NA
363300,11,Incorrect,2B,No,NA
363300,12,Incorrect,1B,No,NA
363300,13,Correct,2B,No,NA
363300,14,Correct,2B,No,NA
363300,15,Correct,8B,No,NA
363300,16,Incorrect,8B,No,NA
363300,17,Correct,1B,No,NA
363300,18,Correct,8B,No,NA
363300,19,Incorrect,8B,No,NA
363300,20,Correct,2B,No,NA
363300,21,Incorrect,2B,No,NA
363300,22,Correct,2B,No,NA
363300,23,Incorrect,2B,No,NA
363300,24,Incorrect,8B,No,NA
363300,25,Incorrect,1B,No,NA
363300,26,Correct,1B,No,NA
363300,27,Incorrect,8B,No,NA
363300,28,Correct,1B,No,NA
363300,29,Correct,8B,No,NA
363300,30,Incorrect,8B,No,NA
388216,1,Incorrect,1B,Yes,14
388216,2,Correct,8B,Yes,14
388216,3,Incorrect,1B,Yes,14
388216,4,Correct,8B,Yes,14
388216,5,Incorrect,2B,Yes,14
388216,6,Correct,8B,Yes,14
388216,7,Incorrect,8B,Yes,14
388216,8,Incorrect,2B,Yes,14
388216,9,Correct,2B,Yes,14
388216,10,Incorrect,1B,Yes,14
388216,11,Correct,1B,Yes,14
388216,12,Correct,1B,Yes,14
388216,13,Incorrect,8B,Yes,14
388216,14,Incorrect,8B,Yes,14
388216,15,Correct,8B,Yes,14
388216,16,Incorrect,2B,Yes,14
388216,17,Correct,2B,Yes,14
388216,18,Correct,1B,Yes,14
388216,19,Correct,1B,Yes,14
388216,20,Correct,8B,Yes,14
388216,21,Incorrect,2B,Yes,14
388216,22,NA,2B,Yes,14
388216,23,Correct,1B,Yes,14
388216,24,Incorrect,8B,Yes,14
388216,25,Correct,2B,Yes,14
388216,26,Correct,8B,Yes,14
388216,27,Incorrect,1B,Yes,14
388216,28,Correct,2B,Yes,14
388216,29,Incorrect,2B,Yes,14
388216,30,Correct,1B,Yes,14
360225,1,Correct,2B,Yes,12
360225,2,Incorrect,8B,Yes,12
360225,3,Correct,1B,Yes,12
360225,4,Correct,1B,Yes,12
360225,5,Correct,1B,Yes,12
360225,6,Correct,8B,Yes,12
360225,7,Incorrect,2B,Yes,12
360225,8,Incorrect,1B,Yes,12
360225,9,Correct,8B,Yes,12
360225,10,NA,8B,Yes,12
360225,11,Correct,1B,Yes,12
360225,12,Correct,2B,Yes,12
360225,13,Incorrect,2B,Yes,12
360225,14,Correct,1B,Yes,12
360225,15,Correct,1B,Yes,12
360225,16,Incorrect,2B,Yes,12
360225,17,Incorrect,2B,Yes,12
360225,18,Incorrect,8B,Yes,12
360225,19,Correct,2B,Yes,12
360225,20,Correct,8B,Yes,12
360225,21,Correct,1B,Yes,12
360225,22,Correct,1B,Yes,12
360225,23,Correct,2B,Yes,12
360225,24,Correct,8B,Yes,12
360225,25,Incorrect,2B,Yes,12
360225,26,Incorrect,8B,Yes,12
360225,27,Incorrect,8B,Yes,12
360225,28,Correct,1B,Yes,12
360225,29,Correct,8B,Yes,12
360225,30,Correct,2B,Yes,12
355513,1,Correct,8B,No,NA
355513,2,Correct,2B,No,NA
355513,3,Incorrect,1B,No,NA
355513,4,Correct,1B,No,NA
355513,5,Incorrect,8B,No,NA
355513,6,Incorrect,8B,No,NA
355513,7,Incorrect,2B,No,NA
355513,8,Incorrect,2B,No,NA
355513,9,Correct,1B,No,NA
355513,10,Correct,1B,No,NA
355513,11,Correct,1B,No,NA
355513,12,Correct,8B,No,NA
355513,13,Correct,8B,No,NA
355513,14,Correct,8B,No,NA
355513,15,Correct,8B,No,NA
355513,16,Correct,2B,No,NA
355513,17,Correct,1B,No,NA
355513,18,Correct,8B,No,NA
355513,19,Correct,2B,No,NA
355513,20,Correct,2B,No,NA
355513,21,Incorrect,8B,No,NA
355513,22,Incorrect,1B,No,NA
355513,23,Correct,1B,No,NA
355513,24,Incorrect,2B,No,NA
355513,25,Incorrect,2B,No,NA
355513,26,Correct,2B,No,NA
355513,27,Correct,8B,No,NA
355513,28,Correct,1B,No,NA
355513,29,Incorrect,2B,No,NA
355513,30,Incorrect,1B,No,NA
481889,1,Correct,2B,No,NA
481889,2,Incorrect,1B,No,NA
481889,3,NA,2B,No,NA
481889,4,Correct,1B,No,NA
481889,5,Incorrect,1B,No,NA
481889,6,Correct,2B,No,NA
481889,7,Correct,8B,No,NA
481889,8,Correct,8B,No,NA
481889,9,Correct,8B,No,NA
481889,10,Incorrect,8B,No,NA
481889,11,Incorrect,1B,No,NA
481889,12,Correct,8B,No,NA
481889,13,Incorrect,1B,No,NA
481889,14,Correct,8B,No,NA
481889,15,Correct,2B,No,NA
481889,16,Incorrect,2B,No,NA
481889,17,Correct,1B,No,NA
481889,18,Incorrect,8B,No,NA
481889,19,Incorrect,8B,No,NA
481889,20,Correct,2B,No,NA
481889,21,Incorrect,1B,No,NA
481889,22,Correct,8B,No,NA
481889,23,Correct,2B,No,NA
481889,24,Correct,8B,No,NA
481889,25,Correct,2B,No,NA
481889,26,Incorrect,1B,No,NA
481889,27,Correct,1B,No,NA
481889,28,Correct,2B,No,NA
481889,29,Incorrect,1B,No,NA
481889,30,Incorrect,2B,No,NA
346828,1,Correct,8B,No,NA
346828,2,Correct,1B,No,NA
346828,3,Incorrect,1B,No,NA
346828,4,Correct,2B,No,NA
346828,5,Correct,8B,No,NA
346828,6,Correct,8B,No,NA
346828,7,Correct,2B,No,NA
346828,8,Correct,1B,No,NA
346828,9,Correct,8B,No,NA
346828,10,Incorrect,2B,No,NA
346828,11,Incorrect,2B,No,NA
346828,12,NA,1B,No,NA
346828,13,Correct,8B,No,NA
346828,14,Correct,8B,No,NA
346828,15,Correct,8B,No,NA
346828,16,Correct,8B,No,NA
346828,17,Incorrect,1B,No,NA
346828,18,Correct,2B,No,NA
346828,19,NA,8B,No,NA
346828,20,Correct,2B,No,NA
346828,21,Incorrect,1B,No,NA
346828,22,Correct,2B,No,NA
346828,23,Correct,2B,No,NA
346828,24,Incorrect,1B,No,NA
346828,25,Correct,2B,No,NA
346828,26,Incorrect,1B,No,NA
346828,27,Correct,1B,No,NA
346828,28,Correct,8B,No,NA
346828,29,Incorrect,2B,No,NA
346828,30,Incorrect,1B,No,NA
356805,1,Correct,8B,Yes,5
356805,2,Incorrect,1B,Yes,5
356805,3,Incorrect,1B,Yes,5
356805,4,NA,2B,Yes,5
356805,5,Correct,1B,Yes,5
356805,6,Correct,2B,Yes,5
356805,7,Correct,8B,Yes,5
356805,8,Incorrect,2B,Yes,5
356805,9,Correct,1B,Yes,5
356805,10,Incorrect,2B,Yes,5
356805,11,Correct,1B,Yes,5
356805,12,Incorrect,2B,Yes,5
356805,13,Incorrect,2B,Yes,5
356805,14,Correct,8B,Yes,5
356805,15,Incorrect,2B,Yes,5
356805,16,Incorrect,8B,Yes,5
356805,17,Correct,8B,Yes,5
356805,18,Incorrect,1B,Yes,5
356805,19,Incorrect,2B,Yes,5
356805,20,Correct,2B,Yes,5
356805,21,Correct,8B,Yes,5
356805,22,Incorrect,1B,Yes,5
356805,23,Correct,1B,Yes,5
356805,24,Incorrect,1B,Yes,5
356805,25,Correct,2B,Yes,5
356805,26,Correct,1B,Yes,5
356805,27,Incorrect,8B,Yes,5
356805,28,Correct,8B,Yes,5
356805,29,Correct,8B,Yes,5
356805,30,Correct,8B,Yes,5
388189,1,Incorrect,1B,No,NA
388189,2,Incorrect,2B,No,NA
388189,3,Correct,2B,No,NA
388189,4,Incorrect,8B,No,NA
388189,5,Correct,2B,No,NA
388189,6,Incorrect,2B,No,NA
388189,7,Correct,8B,No,NA
388189,8,Correct,8B,No,NA
388189,9,Incorrect,1B,No,NA
388189,10,Correct,1B,No,NA
388189,11,Incorrect,1B,No,NA
388189,12,Incorrect,8B,No,NA
388189,13,Incorrect,1B,No,NA
388189,14,Correct,8B,No,NA
388189,15,Correct,8B,No,NA
388189,16,Correct,1B,No,NA
388189,17,Incorrect,1B,No,NA
388189,18,Correct,1B,No,NA
388189,19,Incorrect,2B,No,NA
388189,20,Correct,2B,No,NA
388189,21,Correct,2B,No,NA
388189,22,Incorrect,2B,No,NA
388189,23,Correct,2B,No,NA
388189,24,Correct,8B,No,NA
388189,25,Incorrect,8B,No,NA
388189,26,Incorrect,8B,No,NA
388189,27,Correct,8B,No,NA
388189,28,Correct,1B,No,NA
388189,29,Correct,1B,No,NA
388189,30,Correct,2B,No,NA
353954,1,Correct,2B,Yes,8
353954,2,Incorrect,8B,Yes,8
353954,3,Correct,1B,Yes,8
353954,4,Correct,8B,Yes,8
353954,5,Correct,1B,Yes,8
353954,6,Correct,2B,Yes,8
353954,7,Correct,8B,Yes,8
353954,8,Correct,2B,Yes,8
353954,9,Incorrect,2B,Yes,8
353954,10,Incorrect,1B,Yes,8
353954,11,Correct,8B,Yes,8
353954,12,Correct,2B,Yes,8
353954,13,Incorrect,1B,Yes,8
353954,14,Incorrect,1B,Yes,8
353954,15,Correct,1B,Yes,8
353954,16,Correct,8B,Yes,8
353954,17,Correct,1B,Yes,8
353954,18,Correct,8B,Yes,8
353954,19,Correct,2B,Yes,8
353954,20,Correct,8B,Yes,8
353954,21,Incorrect,2B,Yes,8
353954,22,Correct,2B,Yes,8
353954,23,Incorrect,8B,Yes,8
353954,24,Correct,1B,Yes,8
353954,25,Correct,8B,Yes,8
353954,26,Correct,1B,Yes,8
353954,27,Correct,2B,Yes,8
353954,28,Correct,2B,Yes,8
353954,29,Correct,1B,Yes,8
353954,30,Incorrect,8B,Yes,8
388201,1,Correct,8B,Yes,5
388201,2,Correct,1B,Yes,5
388201,3,Incorrect,2B,Yes,5
388201,4,Correct,2B,Yes,5
388201,5,Correct,1B,Yes,5
388201,6,Incorrect,2B,Yes,5
388201,7,Correct,1B,Yes,5
388201,8,Correct,2B,Yes,5
388201,9,Incorrect,2B,Yes,5
388201,10,Correct,8B,Yes,5
388201,11,Incorrect,1B,Yes,5
388201,12,Incorrect,1B,Yes,5
388201,13,Incorrect,2B,Yes,5
388201,14,Correct,2B,Yes,5
388201,15,Correct,2B,Yes,5
388201,16,Correct,1B,Yes,5
388201,17,Correct,8B,Yes,5
388201,18,Correct,2B,Yes,5
388201,19,Correct,1B,Yes,5
388201,20,Correct,8B,Yes,5
388201,21,Correct,8B,Yes,5
388201,22,Incorrect,1B,Yes,5
388201,23,Incorrect,1B,Yes,5
388201,24,Correct,8B,Yes,5
388201,25,Correct,8B,Yes,5
388201,26,Correct,8B,Yes,5
388201,27,Correct,2B,Yes,5
388201,28,Incorrect,1B,Yes,5
388201,29,Correct,8B,Yes,5
388201,30,Incorrect,8B,Yes,5
610522,1,Incorrect,2B,No,NA
610522,2,Incorrect,1B,No,NA
610522,3,Incorrect,1B,No,NA
610522,4,Correct,1B,No,NA
610522,5,Correct,2B,No,NA
610522,6,Correct,8B,No,NA
610522,7,Correct,8B,No,NA
610522,8,Incorrect,1B,No,NA
610522,9,Correct,8B,No,NA
610522,10,Correct,8B,No,NA
610522,11,Correct,1B,No,NA
610522,12,Correct,2B,No,NA
610522,13,Correct,8B,No,NA
610522,14,Incorrect,2B,No,NA
610522,15,Correct,2B,No,NA
610522,16,Incorrect,8B,No,NA
610522,17,Incorrect,8B,No,NA
610522,18,Incorrect,2B,No,NA
610522,19,Correct,8B,No,NA
610522,20,Correct,1B,No,NA
610522,21,Correct,8B,No,NA
610522,22,Correct,1B,No,NA
610522,23,Correct,2B,No,NA
610522,24,Incorrect,1B,No,NA
610522,25,Incorrect,1B,No,NA
610522,26,Correct,8B,No,NA
610522,27,Correct,2B,No,NA
610522,28,Correct,2B,No,NA
610522,29,Correct,2B,No,NA
610522,30,Correct,1B,No,NA
363707,1,Correct,1B,No,NA
363707,2,Correct,8B,No,NA
363707,3,Incorrect,8B,No,NA
363707,4,Incorrect,8B,No,NA
363707,5,Correct,1B,No,NA
363707,6,Incorrect,2B,No,NA
363707,7,Correct,1B,No,NA
363707,8,Correct,8B,No,NA
363707,9,Correct,1B,No,NA
363707,10,NA,1B,No,NA
363707,11,Correct,8B,No,NA
363707,12,Correct,2B,No,NA
363707,13,Correct,2B,No,NA
363707,14,Incorrect,1B,No,NA
363707,15,Incorrect,1B,No,NA
363707,16,Incorrect,1B,No,NA
363707,17,Correct,8B,No,NA
363707,18,Incorrect,8B,No,NA
363707,19,Correct,2B,No,NA
363707,20,Incorrect,8B,No,NA
363707,21,Correct,1B,No,NA
363707,22,Incorrect,2B,No,NA
363707,23,Correct,2B,No,NA
363707,24,Incorrect,2B,No,NA
363707,25,Correct,2B,No,NA
363707,26,Incorrect,2B,No,NA
363707,27,Correct,1B,No,NA
363707,28,Incorrect,2B,No,NA
363707,29,Correct,8B,No,NA
363707,30,Correct,8B,No,NA
360236,1,Correct,8B,No,NA
360236,2,Incorrect,1B,No,NA
360236,3,Incorrect,1B,No,NA
360236,4,Incorrect,1B,No,NA
360236,5,Correct,8B,No,NA
360236,6,NA,2B,No,NA
360236,7,Incorrect,8B,No,NA
360236,8,Correct,1B,No,NA
360236,9,Correct,8B,No,NA
360236,10,Incorrect,8B,No,NA
360236,11,Incorrect,8B,No,NA
360236,12,Correct,2B,No,NA
360236,13,Incorrect,1B,No,NA
360236,14,Correct,8B,No,NA
360236,15,Incorrect,2B,No,NA
360236,16,Incorrect,2B,No,NA
360236,17,Incorrect,2B,No,NA
360236,18,Incorrect,8B,No,NA
360236,19,Correct,2B,No,NA
360236,20,Correct,2B,No,NA
360236,21,Incorrect,8B,No,NA
360236,22,Correct,2B,No,NA
360236,23,Correct,1B,No,NA
360236,24,Incorrect,1B,No,NA
360236,25,Correct,1B,No,NA
360236,26,Incorrect,8B,No,NA
360236,27,Correct,1B,No,NA
360236,28,Incorrect,2B,No,NA
360236,29,Incorrect,1B,No,NA
360236,30,Correct,2B,No,NA
342256,4,Correct,1B,Yes,21
342256,7,Incorrect,1B,Yes,21
342256,8,Correct,1B,Yes,21
342256,11,Incorrect,1B,Yes,21
342256,14,NA,1B,Yes,21
342256,15,Correct,1B,Yes,21
342256,17,Incorrect,1B,Yes,21
342256,25,Correct,1B,Yes,21
342256,26,Incorrect,1B,Yes,21
342256,27,Incorrect,1B,Yes,21
342256,1,Incorrect,2B,Yes,21
342256,2,Correct,2B,Yes,21
342256,5,NA,2B,Yes,21
342256,10,Incorrect,2B,Yes,21
342256,13,Incorrect,2B,Yes,21
342256,16,Correct,2B,Yes,21
342256,18,Correct,2B,Yes,21
342256,22,Correct,2B,Yes,21
342256,23,Incorrect,2B,Yes,21
342256,28,Incorrect,2B,Yes,21
342256,3,Correct,8B,Yes,21
342256,6,Correct,8B,Yes,21
342256,9,Correct,8B,Yes,21
342256,12,Correct,8B,Yes,21
342256,19,Correct,8B,Yes,21
342256,20,Correct,8B,Yes,21
342256,21,Incorrect,8B,Yes,21
342256,24,Correct,8B,Yes,21
342256,29,Incorrect,8B,Yes,21
342256,30,Correct,8B,Yes,21
389641,1,Incorrect,2B,Yes,6
389641,2,Correct,1B,Yes,6
389641,3,Incorrect,1B,Yes,6
389641,4,Incorrect,1B,Yes,6
389641,5,Correct,2B,Yes,6
389641,6,Correct,2B,Yes,6
389641,7,Correct,8B,Yes,6
389641,8,Correct,8B,Yes,6
389641,9,Correct,8B,Yes,6
389641,10,Correct,1B,Yes,6
389641,11,Incorrect,8B,Yes,6
389641,12,Incorrect,8B,Yes,6
389641,13,Incorrect,8B,Yes,6
389641,14,Correct,8B,Yes,6
389641,15,Correct,1B,Yes,6
389641,16,Incorrect,2B,Yes,6
389641,17,Correct,1B,Yes,6
389641,18,Incorrect,2B,Yes,6
389641,19,Incorrect,8B,Yes,6
389641,20,Correct,1B,Yes,6
389641,21,Incorrect,2B,Yes,6
389641,22,Incorrect,2B,Yes,6
389641,23,Correct,1B,Yes,6
389641,24,Incorrect,2B,Yes,6
389641,25,Incorrect,1B,Yes,6
389641,26,Correct,8B,Yes,6
389641,27,Correct,8B,Yes,6
389641,28,Incorrect,2B,Yes,6
389641,29,Correct,2B,Yes,6
389641,30,Correct,1B,Yes,6
388205,1,Correct,1B,No,NA
388205,2,Correct,8B,No,NA
388205,3,Correct,2B,No,NA
388205,4,Correct,8B,No,NA
388205,5,Correct,2B,No,NA
388205,6,Incorrect,2B,No,NA
388205,7,Correct,8B,No,NA
388205,8,Incorrect,2B,No,NA
388205,9,Correct,1B,No,NA
388205,10,Incorrect,1B,No,NA
388205,11,Incorrect,8B,No,NA
388205,12,Correct,8B,No,NA
388205,13,Correct,2B,No,NA
388205,14,Correct,2B,No,NA
388205,15,Incorrect,1B,No,NA
388205,16,Incorrect,2B,No,NA
388205,17,Incorrect,8B,No,NA
388205,18,Incorrect,2B,No,NA
388205,19,Incorrect,8B,No,NA
388205,20,Correct,8B,No,NA
388205,21,Incorrect,1B,No,NA
388205,22,Correct,2B,No,NA
388205,23,Correct,8B,No,NA
388205,24,Correct,8B,No,NA
388205,25,Correct,2B,No,NA
388205,26,Incorrect,1B,No,NA
388205,27,Incorrect,1B,No,NA
388205,28,Correct,1B,No,NA
388205,29,Incorrect,1B,No,NA
388205,30,Incorrect,1B,No,NA
353993,1,Correct,2B,Yes,9
353993,2,Incorrect,1B,Yes,9
353993,3,Correct,1B,Yes,9
353993,4,Correct,1B,Yes,9
353993,5,Incorrect,1B,Yes,9
353993,6,Correct,2B,Yes,9
353993,7,Correct,8B,Yes,9
353993,8,Incorrect,1B,Yes,9
353993,9,Correct,8B,Yes,9
353993,10,Incorrect,2B,Yes,9
353993,11,Correct,8B,Yes,9
353993,12,Incorrect,2B,Yes,9
353993,13,Correct,8B,Yes,9
353993,14,Incorrect,2B,Yes,9
353993,15,Incorrect,1B,Yes,9
353993,16,Correct,8B,Yes,9
353993,17,Correct,2B,Yes,9
353993,18,Correct,2B,Yes,9
353993,19,Correct,8B,Yes,9
353993,20,Correct,8B,Yes,9
353993,21,Incorrect,1B,Yes,9
353993,22,Incorrect,2B,Yes,9
353993,23,Correct,8B,Yes,9
353993,24,Incorrect,8B,Yes,9
353993,25,Correct,8B,Yes,9
353993,26,Correct,2B,Yes,9
353993,27,Incorrect,1B,Yes,9
353993,28,Incorrect,2B,Yes,9
353993,29,Incorrect,1B,Yes,9
353993,30,Correct,1B,Yes,9
388167,1,Incorrect,2B,Yes,NA
388167,2,Correct,8B,Yes,NA
388167,3,Correct,8B,Yes,NA
388167,4,Incorrect,2B,Yes,NA
388167,5,Correct,8B,Yes,NA
388167,6,Incorrect,8B,Yes,NA
388167,7,Correct,8B,Yes,NA
388167,8,Incorrect,2B,Yes,NA
388167,9,Incorrect,1B,Yes,NA
388167,10,Incorrect,1B,Yes,NA
388167,11,Correct,1B,Yes,NA
388167,12,Correct,8B,Yes,NA
388167,13,Incorrect,2B,Yes,NA
388167,14,Correct,8B,Yes,NA
388167,15,Incorrect,2B,Yes,NA
388167,16,Incorrect,8B,Yes,NA
388167,17,Correct,8B,Yes,NA
388167,18,Incorrect,2B,Yes,NA
388167,19,Incorrect,2B,Yes,NA
388167,20,Incorrect,1B,Yes,NA
388167,21,Incorrect,1B,Yes,NA
388167,22,Incorrect,8B,Yes,NA
388167,23,Correct,2B,Yes,NA
388167,24,Correct,1B,Yes,NA
388167,25,Correct,1B,Yes,NA
388167,26,Incorrect,1B,Yes,NA
388167,27,Incorrect,2B,Yes,NA
388167,28,Correct,2B,Yes,NA
388167,29,Correct,1B,Yes,NA
388167,30,Incorrect,1B,Yes,NA
363111,1,Incorrect,1B,Yes,5
363111,2,Incorrect,1B,Yes,5
363111,3,Correct,2B,Yes,5
363111,4,Incorrect,1B,Yes,5
363111,5,Correct,2B,Yes,5
363111,6,Incorrect,8B,Yes,5
363111,7,Correct,8B,Yes,5
363111,8,Correct,8B,Yes,5
363111,9,Correct,2B,Yes,5
363111,10,Incorrect,1B,Yes,5
363111,11,Correct,1B,Yes,5
363111,12,Incorrect,2B,Yes,5
363111,13,Incorrect,2B,Yes,5
363111,14,Incorrect,8B,Yes,5
363111,15,Incorrect,8B,Yes,5
363111,16,Correct,8B,Yes,5
363111,17,Incorrect,8B,Yes,5
363111,18,Incorrect,8B,Yes,5
363111,19,Incorrect,2B,Yes,5
363111,20,Correct,1B,Yes,5
363111,21,Correct,8B,Yes,5
363111,22,Incorrect,2B,Yes,5
363111,23,Correct,8B,Yes,5
363111,24,Correct,2B,Yes,5
363111,25,Incorrect,1B,Yes,5
363111,26,Incorrect,2B,Yes,5
363111,27,Incorrect,1B,Yes,5
363111,28,Correct,1B,Yes,5
363111,29,Correct,2B,Yes,5
363111,30,Incorrect,1B,Yes,5
481855,1,Correct,1B,No,NA
481855,2,Incorrect,2B,No,NA
481855,3,Incorrect,8B,No,NA
481855,4,Correct,1B,No,NA
481855,5,Incorrect,8B,No,NA
481855,6,Correct,8B,No,NA
481855,7,Correct,8B,No,NA
481855,8,Correct,1B,No,NA
481855,9,Correct,2B,No,NA
481855,10,Correct,1B,No,NA
481855,11,Correct,2B,No,NA
481855,12,Correct,2B,No,NA
481855,13,Incorrect,1B,No,NA
481855,14,Correct,1B,No,NA
481855,15,Incorrect,1B,No,NA
481855,16,Correct,2B,No,NA
481855,17,Incorrect,8B,No,NA
481855,18,Correct,1B,No,NA
481855,19,Correct,8B,No,NA
481855,20,Correct,2B,No,NA
481855,21,Incorrect,2B,No,NA
481855,22,Correct,8B,No,NA
481855,23,Correct,8B,No,NA
481855,24,Correct,8B,No,NA
481855,25,Correct,1B,No,NA
481855,26,Correct,2B,No,NA
481855,27,Correct,2B,No,NA
481855,28,Correct,8B,No,NA
481855,29,Incorrect,1B,No,NA
481855,30,Correct,2B,No,NA
356801,1,Correct,2B,No,NA
356801,2,Correct,8B,No,NA
356801,3,Correct,1B,No,NA
356801,4,Correct,8B,No,NA
356801,5,Incorrect,2B,No,NA
356801,6,Incorrect,2B,No,NA
356801,7,Incorrect,8B,No,NA
356801,8,Correct,1B,No,NA
356801,9,Correct,8B,No,NA
356801,10,Correct,2B,No,NA
356801,11,Incorrect,2B,No,NA
356801,12,Incorrect,1B,No,NA
356801,13,Incorrect,8B,No,NA
356801,14,Correct,8B,No,NA
356801,15,Incorrect,1B,No,NA
356801,16,Correct,1B,No,NA
356801,17,Correct,2B,No,NA
356801,18,Correct,8B,No,NA
356801,19,Correct,8B,No,NA
356801,20,Incorrect,1B,No,NA
356801,21,Correct,1B,No,NA
356801,22,Incorrect,2B,No,NA
356801,23,Incorrect,1B,No,NA
356801,24,Correct,1B,No,NA
356801,25,Correct,2B,No,NA
356801,26,Correct,8B,No,NA
356801,27,Incorrect,8B,No,NA
356801,28,Incorrect,2B,No,NA
356801,29,Correct,2B,No,NA
356801,30,Incorrect,1B,No,NA
364125,1,Incorrect,8B,No,NA
364125,2,Incorrect,1B,No,NA
364125,3,Incorrect,2B,No,NA
364125,4,Correct,2B,No,NA
364125,5,Correct,8B,No,NA
364125,6,Correct,1B,No,NA
364125,7,Incorrect,2B,No,NA
364125,8,Incorrect,8B,No,NA
364125,9,Correct,8B,No,NA
364125,10,Correct,8B,No,NA
364125,11,Correct,8B,No,NA
364125,12,Incorrect,2B,No,NA
364125,13,Incorrect,1B,No,NA
364125,14,Correct,2B,No,NA
364125,15,Incorrect,2B,No,NA
364125,16,Incorrect,8B,No,NA
364125,17,Correct,1B,No,NA
364125,18,Correct,1B,No,NA
364125,19,Incorrect,1B,No,NA
364125,20,Correct,1B,No,NA
364125,21,Incorrect,2B,No,NA
364125,22,Correct,8B,No,NA
364125,23,Correct,1B,No,NA
364125,24,Correct,2B,No,NA
364125,25,Correct,1B,No,NA
364125,26,Correct,8B,No,NA
364125,27,Correct,2B,No,NA
364125,28,Correct,1B,No,NA
364125,29,Correct,2B,No,NA
364125,30,Incorrect,8B,No,NA
346025,1,Correct,1B,Yes,11
346025,2,Correct,8B,Yes,11
346025,3,Correct,8B,Yes,11
346025,4,Correct,1B,Yes,11
346025,5,Correct,2B,Yes,11
346025,6,Correct,1B,Yes,11
346025,7,Correct,8B,Yes,11
346025,8,Incorrect,8B,Yes,11
346025,9,Correct,8B,Yes,11
346025,10,Correct,2B,Yes,11
346025,11,Correct,2B,Yes,11
346025,12,Incorrect,2B,Yes,11
346025,13,Correct,1B,Yes,11
346025,14,Correct,1B,Yes,11
346025,15,Incorrect,8B,Yes,11
346025,16,Correct,2B,Yes,11
346025,17,Correct,2B,Yes,11
346025,18,Incorrect,8B,Yes,11
346025,19,Correct,1B,Yes,11
346025,20,Correct,2B,Yes,11
346025,21,Correct,1B,Yes,11
346025,22,Incorrect,8B,Yes,11
346025,23,Correct,8B,Yes,11
346025,24,Correct,2B,Yes,11
346025,25,Incorrect,8B,Yes,11
346025,26,Incorrect,1B,Yes,11
346025,27,NA,2B,Yes,11
346025,28,Incorrect,1B,Yes,11
346025,29,Incorrect,1B,Yes,11
346025,30,Correct,2B,Yes,11
359111,1,Correct,8B,No,NA
359111,2,Correct,2B,No,NA
359111,3,Incorrect,1B,No,NA
359111,4,Correct,8B,No,NA
359111,5,Correct,1B,No,NA
359111,6,Incorrect,2B,No,NA
359111,7,Correct,2B,No,NA
359111,8,Incorrect,8B,No,NA
359111,9,Incorrect,2B,No,NA
359111,10,Correct,2B,No,NA
359111,11,Incorrect,8B,No,NA
359111,12,Correct,1B,No,NA
359111,13,Correct,1B,No,NA
359111,14,Correct,8B,No,NA
359111,15,Correct,1B,No,NA
359111,16,Correct,8B,No,NA
359111,17,Correct,1B,No,NA
359111,18,Incorrect,1B,No,NA
359111,19,Incorrect,1B,No,NA
359111,20,Correct,2B,No,NA
359111,21,Correct,8B,No,NA
359111,22,Incorrect,8B,No,NA
359111,23,Correct,8B,No,NA
359111,24,Correct,1B,No,NA
359111,25,Incorrect,1B,No,NA
359111,26,Incorrect,2B,No,NA
359111,27,Correct,2B,No,NA
359111,28,Correct,8B,No,NA
359111,29,Incorrect,2B,No,NA
359111,30,Correct,2B,No,NA
342257,1,Incorrect,8B,Yes,15
342257,2,Incorrect,8B,Yes,15
342257,3,Correct,1B,Yes,15
342257,4,Incorrect,8B,Yes,15
342257,5,Correct,8B,Yes,15
342257,6,Correct,1B,Yes,15
342257,7,Correct,2B,Yes,15
342257,8,Incorrect,1B,Yes,15
342257,9,Correct,2B,Yes,15
342257,10,Correct,8B,Yes,15
342257,11,Correct,1B,Yes,15
342257,12,Correct,8B,Yes,15
342257,13,Correct,2B,Yes,15
342257,14,Correct,2B,Yes,15
342257,15,Correct,1B,Yes,15
342257,16,Correct,8B,Yes,15
342257,17,Incorrect,2B,Yes,15
342257,18,Incorrect,1B,Yes,15
342257,19,Correct,2B,Yes,15
342257,20,Correct,1B,Yes,15
342257,21,Correct,2B,Yes,15
342257,22,Incorrect,1B,Yes,15
342257,23,Correct,8B,Yes,15
342257,24,Incorrect,8B,Yes,15
342257,25,Incorrect,1B,Yes,15
342257,26,Incorrect,1B,Yes,15
342257,27,Incorrect,2B,Yes,15
342257,28,Correct,8B,Yes,15
342257,29,Incorrect,2B,Yes,15
342257,30,Correct,2B,Yes,15
356785,1,Correct,8B,Yes,9
356785,2,Incorrect,2B,Yes,9
356785,3,Incorrect,8B,Yes,9
356785,4,Incorrect,2B,Yes,9
356785,5,Correct,8B,Yes,9
356785,6,Correct,2B,Yes,9
356785,7,Incorrect,1B,Yes,9
356785,8,Correct,1B,Yes,9
356785,9,Correct,8B,Yes,9
356785,10,Correct,1B,Yes,9
356785,11,Incorrect,1B,Yes,9
356785,12,Incorrect,1B,Yes,9
356785,13,Correct,2B,Yes,9
356785,14,Incorrect,2B,Yes,9
356785,15,Incorrect,2B,Yes,9
356785,16,Correct,1B,Yes,9
356785,17,Correct,8B,Yes,9
356785,18,Correct,8B,Yes,9
356785,19,Correct,1B,Yes,9
356785,20,Correct,1B,Yes,9
356785,21,Correct,8B,Yes,9
356785,22,Correct,8B,Yes,9
356785,23,Correct,2B,Yes,9
356785,24,Incorrect,2B,Yes,9
356785,25,Incorrect,2B,Yes,9
356785,26,Correct,8B,Yes,9
356785,27,Correct,8B,Yes,9
356785,28,Incorrect,1B,Yes,9
356785,29,Correct,2B,Yes,9
356785,30,Correct,1B,Yes,9
355517,1,Correct,2B,No,NA
355517,2,Correct,1B,No,NA
355517,3,Correct,2B,No,NA
355517,4,Correct,8B,No,NA
355517,5,Incorrect,2B,No,NA
355517,6,Correct,8B,No,NA
355517,7,Incorrect,1B,No,NA
355517,8,Incorrect,1B,No,NA
355517,9,NA,8B,No,NA
355517,10,Incorrect,1B,No,NA
355517,11,Correct,2B,No,NA
355517,12,Correct,8B,No,NA
355517,13,Correct,1B,No,NA
355517,14,Correct,8B,No,NA
355517,15,Incorrect,1B,No,NA
355517,16,Correct,2B,No,NA
355517,17,Incorrect,8B,No,NA
355517,18,Correct,8B,No,NA
355517,19,Correct,1B,No,NA
355517,20,Incorrect,2B,No,NA
355517,21,Correct,2B,No,NA
355517,22,Correct,2B,No,NA
355517,23,Correct,1B,No,NA
355517,24,Correct,1B,No,NA
355517,25,Incorrect,1B,No,NA
355517,26,Correct,8B,No,NA
355517,27,Correct,2B,No,NA
355517,28,Correct,8B,No,NA
355517,29,Correct,8B,No,NA
355517,30,Correct,2B,No,NA
356778,1,Incorrect,1B,Yes,8
356778,2,Correct,2B,Yes,8
356778,3,Correct,8B,Yes,8
356778,4,Correct,1B,Yes,8
356778,5,Correct,2B,Yes,8
356778,6,Incorrect,8B,Yes,8
356778,7,Incorrect,8B,Yes,8
356778,8,Correct,2B,Yes,8
356778,9,Correct,2B,Yes,8
356778,10,Correct,8B,Yes,8
356778,11,Incorrect,2B,Yes,8
356778,12,Correct,1B,Yes,8
356778,13,Correct,8B,Yes,8
356778,14,Correct,1B,Yes,8
356778,15,Correct,2B,Yes,8
356778,16,Correct,8B,Yes,8
356778,17,Incorrect,1B,Yes,8
356778,18,Incorrect,1B,Yes,8
356778,19,Correct,1B,Yes,8
356778,20,Incorrect,2B,Yes,8
356778,21,Correct,1B,Yes,8
356778,22,Incorrect,8B,Yes,8
356778,23,Correct,1B,Yes,8
356778,24,Correct,2B,Yes,8
356778,25,Correct,8B,Yes,8
356778,26,Incorrect,1B,Yes,8
356778,27,Correct,2B,Yes,8
356778,28,Correct,2B,Yes,8
356778,29,Correct,8B,Yes,8
356778,30,Incorrect,8B,Yes,8
362350,1,Incorrect,8B,Yes,10
362350,2,Incorrect,1B,Yes,10
362350,3,Correct,1B,Yes,10
362350,4,Correct,2B,Yes,10
362350,5,Incorrect,2B,Yes,10
362350,6,Correct,8B,Yes,10
362350,7,Correct,2B,Yes,10
362350,8,Incorrect,8B,Yes,10
362350,9,Correct,1B,Yes,10
362350,10,Correct,1B,Yes,10
362350,11,Correct,8B,Yes,10
362350,12,Incorrect,2B,Yes,10
362350,13,Correct,1B,Yes,10
362350,14,Correct,2B,Yes,10
362350,15,Incorrect,8B,Yes,10
362350,16,Correct,2B,Yes,10
362350,17,Correct,8B,Yes,10
362350,18,Correct,2B,Yes,10
362350,19,Correct,8B,Yes,10
362350,20,Correct,8B,Yes,10
362350,21,Correct,1B,Yes,10
362350,22,Correct,2B,Yes,10
362350,23,Incorrect,2B,Yes,10
362350,24,Correct,2B,Yes,10
362350,25,Correct,8B,Yes,10
362350,26,Correct,1B,Yes,10
362350,27,Correct,8B,Yes,10
362350,28,Incorrect,1B,Yes,10
362350,29,Correct,1B,Yes,10
362350,30,Incorrect,1B,Yes,10
481910,1,Incorrect,8B,No,NA
481910,2,Correct,1B,No,NA
481910,3,Correct,1B,No,NA
481910,4,Correct,1B,No,NA
481910,5,Correct,8B,No,NA
481910,6,Correct,2B,No,NA
481910,7,Incorrect,2B,No,NA
481910,8,Incorrect,2B,No,NA
481910,9,Correct,2B,No,NA
481910,10,Correct,1B,No,NA
481910,11,Correct,8B,No,NA
481910,12,Incorrect,2B,No,NA
481910,13,Correct,8B,No,NA
481910,14,Correct,8B,No,NA
481910,15,Correct,2B,No,NA
481910,16,Correct,1B,No,NA
481910,17,Incorrect,8B,No,NA
481910,18,Incorrect,8B,No,NA
481910,19,Incorrect,2B,No,NA
481910,20,Incorrect,1B,No,NA
481910,21,Incorrect,8B,No,NA
481910,22,Correct,2B,No,NA
481910,23,Incorrect,1B,No,NA
481910,24,Incorrect,8B,No,NA
481910,25,Correct,8B,No,NA
481910,26,Incorrect,1B,No,NA
481910,27,Correct,1B,No,NA
481910,28,Incorrect,2B,No,NA
481910,29,Correct,2B,No,NA
481910,30,Incorrect,1B,No,NA
360631,1,Correct,2B,No,NA
360631,2,Correct,2B,No,NA
360631,3,Incorrect,8B,No,NA
360631,4,Correct,2B,No,NA
360631,5,Correct,2B,No,NA
360631,6,Correct,8B,No,NA
360631,7,Correct,1B,No,NA
360631,8,Correct,1B,No,NA
360631,9,Incorrect,1B,No,NA
360631,10,Incorrect,1B,No,NA
360631,11,Incorrect,8B,No,NA
360631,12,Incorrect,1B,No,NA
360631,13,Correct,2B,No,NA
360631,14,Correct,2B,No,NA
360631,15,Correct,8B,No,NA
360631,16,Correct,8B,No,NA
360631,17,Incorrect,2B,No,NA
360631,18,Incorrect,1B,No,NA
360631,19,Incorrect,2B,No,NA
360631,20,Incorrect,8B,No,NA
360631,21,Correct,8B,No,NA
360631,22,Incorrect,1B,No,NA
360631,23,Correct,1B,No,NA
360631,24,Correct,8B,No,NA
360631,25,Correct,1B,No,NA
360631,26,Incorrect,2B,No,NA
360631,27,Incorrect,2B,No,NA
360631,28,Correct,8B,No,NA
360631,29,Correct,1B,No,NA
360631,30,Incorrect,8B,No,NA
360625,1,NA,8B,Yes,26
360625,2,Correct,8B,Yes,26
360625,3,Correct,8B,Yes,26
360625,4,Correct,2B,Yes,26
360625,5,Correct,8B,Yes,26
360625,6,Incorrect,1B,Yes,26
360625,7,Incorrect,2B,Yes,26
360625,8,Correct,2B,Yes,26
360625,9,Correct,8B,Yes,26
360625,10,Incorrect,1B,Yes,26
360625,11,Incorrect,2B,Yes,26
360625,12,Correct,8B,Yes,26
360625,13,Correct,8B,Yes,26
360625,14,Correct,1B,Yes,26
360625,15,Correct,2B,Yes,26
360625,16,Incorrect,1B,Yes,26
360625,17,Correct,2B,Yes,26
360625,18,Correct,8B,Yes,26
360625,19,Correct,1B,Yes,26
360625,20,Incorrect,8B,Yes,26
360625,21,Incorrect,2B,Yes,26
360625,22,Correct,2B,Yes,26
360625,23,Incorrect,1B,Yes,26
360625,24,Correct,8B,Yes,26
360625,25,Correct,1B,Yes,26
360625,26,Incorrect,1B,Yes,26
360625,27,Correct,1B,Yes,26
360625,28,Correct,1B,Yes,26
360625,29,Incorrect,2B,Yes,26
360625,30,Correct,2B,Yes,26
361739,1,Incorrect,2B,No,NA
361739,2,Correct,8B,No,NA
361739,3,Correct,1B,No,NA
361739,4,Incorrect,8B,No,NA
361739,5,Correct,1B,No,NA
361739,6,Correct,2B,No,NA
361739,7,Correct,2B,No,NA
361739,8,Incorrect,8B,No,NA
361739,9,Incorrect,1B,No,NA
361739,10,Correct,8B,No,NA
361739,11,Incorrect,1B,No,NA
361739,12,Correct,8B,No,NA
361739,13,Incorrect,1B,No,NA
361739,14,Incorrect,1B,No,NA
361739,15,Correct,8B,No,NA
361739,16,Correct,8B,No,NA
361739,17,Correct,2B,No,NA
361739,18,Correct,2B,No,NA
361739,19,Correct,2B,No,NA
361739,20,Correct,1B,No,NA
361739,21,Correct,8B,No,NA
361739,22,Correct,1B,No,NA
361739,23,Incorrect,1B,No,NA
361739,24,Correct,2B,No,NA
361739,25,Correct,2B,No,NA
361739,26,Incorrect,1B,No,NA
361739,27,Correct,8B,No,NA
361739,28,Correct,2B,No,NA
361739,29,Incorrect,2B,No,NA
361739,30,Correct,8B,No,NA
361062,1,Correct,8B,No,NA
361062,2,Incorrect,8B,No,NA
361062,3,Incorrect,1B,No,NA
361062,4,Correct,8B,No,NA
361062,5,Correct,8B,No,NA
361062,6,Correct,8B,No,NA
361062,7,Incorrect,8B,No,NA
361062,8,Correct,8B,No,NA
361062,9,NA,1B,No,NA
361062,10,Incorrect,2B,No,NA
361062,11,Correct,8B,No,NA
361062,12,Correct,2B,No,NA
361062,13,Incorrect,1B,No,NA
361062,14,Correct,1B,No,NA
361062,15,Incorrect,8B,No,NA
361062,16,Correct,1B,No,NA
361062,17,Incorrect,2B,No,NA
361062,18,Correct,1B,No,NA
361062,19,Incorrect,8B,No,NA
361062,20,Incorrect,1B,No,NA
361062,21,Correct,2B,No,NA
361062,22,Incorrect,2B,No,NA
361062,23,Correct,2B,No,NA
361062,24,Correct,2B,No,NA
361062,25,Correct,2B,No,NA
361062,26,Correct,2B,No,NA
361062,27,Incorrect,1B,No,NA
361062,28,Incorrect,2B,No,NA
361062,29,Incorrect,1B,No,NA
361062,30,Incorrect,1B,No,NA
353952,1,Correct,1B,Yes,10
353952,2,Correct,2B,Yes,10
353952,3,Correct,1B,Yes,10
353952,4,Correct,1B,Yes,10
353952,5,Correct,1B,Yes,10
353952,6,Correct,8B,Yes,10
353952,7,Correct,1B,Yes,10
353952,8,Incorrect,2B,Yes,10
353952,9,Correct,8B,Yes,10
353952,10,Incorrect,2B,Yes,10
353952,11,Incorrect,2B,Yes,10
353952,12,Correct,8B,Yes,10
353952,13,Incorrect,8B,Yes,10
353952,14,Correct,2B,Yes,10
353952,15,Incorrect,1B,Yes,10
353952,16,Correct,8B,Yes,10
353952,17,Correct,8B,Yes,10
353952,18,Correct,1B,Yes,10
353952,19,Correct,2B,Yes,10
353952,20,Incorrect,1B,Yes,10
353952,21,Incorrect,8B,Yes,10
353952,22,Correct,2B,Yes,10
353952,23,Correct,2B,Yes,10
353952,24,Correct,8B,Yes,10
353952,25,Incorrect,1B,Yes,10
353952,26,Incorrect,1B,Yes,10
353952,27,Incorrect,8B,Yes,10
353952,28,Correct,2B,Yes,10
353952,29,Correct,8B,Yes,10
353952,30,Correct,2B,Yes,10
388171,1,Incorrect,1B,Yes,7
388171,2,Correct,2B,Yes,7
388171,3,NA,1B,Yes,7
388171,4,Incorrect,2B,Yes,7
388171,5,Correct,8B,Yes,7
388171,6,Correct,8B,Yes,7
388171,7,Incorrect,1B,Yes,7
388171,8,Correct,1B,Yes,7
388171,9,Correct,8B,Yes,7
388171,10,Incorrect,1B,Yes,7
388171,11,Correct,8B,Yes,7
388171,12,Incorrect,8B,Yes,7
388171,13,Correct,2B,Yes,7
388171,14,Incorrect,8B,Yes,7
388171,15,Correct,2B,Yes,7
388171,16,Correct,2B,Yes,7
388171,17,Incorrect,1B,Yes,7
388171,18,Correct,8B,Yes,7
388171,19,Correct,1B,Yes,7
388171,20,Correct,2B,Yes,7
388171,21,Correct,8B,Yes,7
388171,22,Correct,2B,Yes,7
388171,23,Correct,8B,Yes,7
388171,24,Incorrect,2B,Yes,7
388171,25,Correct,8B,Yes,7
388171,26,Incorrect,2B,Yes,7
388171,27,Incorrect,1B,Yes,7
388171,28,Correct,1B,Yes,7
388171,29,Incorrect,2B,Yes,7
388171,30,Correct,1B,Yes,7
363265,1,Incorrect,1B,Yes,16
363265,2,Incorrect,2B,Yes,16
363265,3,Incorrect,2B,Yes,16
363265,4,Correct,1B,Yes,16
363265,5,Incorrect,1B,Yes,16
363265,6,Incorrect,1B,Yes,16
363265,7,Correct,8B,Yes,16
363265,8,Correct,8B,Yes,16
363265,9,Correct,1B,Yes,16
363265,10,Incorrect,2B,Yes,16
363265,11,Correct,2B,Yes,16
363265,12,Correct,8B,Yes,16
363265,13,Incorrect,2B,Yes,16
363265,14,Correct,2B,Yes,16
363265,15,Incorrect,2B,Yes,16
363265,16,Incorrect,2B,Yes,16
363265,17,Correct,1B,Yes,16
363265,18,Correct,8B,Yes,16
363265,19,Correct,2B,Yes,16
363265,20,Correct,1B,Yes,16
363265,21,Correct,1B,Yes,16
363265,22,Correct,8B,Yes,16
363265,23,Incorrect,2B,Yes,16
363265,24,Incorrect,8B,Yes,16
363265,25,Correct,8B,Yes,16
363265,26,Incorrect,1B,Yes,16
363265,27,Correct,8B,Yes,16
363265,28,Correct,8B,Yes,16
363265,29,Correct,8B,Yes,16
363265,30,Incorrect,1B,Yes,16
356786,1,Correct,8B,Yes,8
356786,2,Correct,2B,Yes,8
356786,3,Correct,2B,Yes,8
356786,4,Incorrect,8B,Yes,8
356786,5,Incorrect,8B,Yes,8
356786,6,Correct,2B,Yes,8
356786,7,Correct,1B,Yes,8
356786,8,Correct,2B,Yes,8
356786,9,Correct,1B,Yes,8
356786,10,Correct,1B,Yes,8
356786,11,Incorrect,1B,Yes,8
356786,12,Correct,2B,Yes,8
356786,13,Correct,8B,Yes,8
356786,14,Correct,8B,Yes,8
356786,15,Correct,2B,Yes,8
356786,16,Incorrect,1B,Yes,8
356786,17,Correct,1B,Yes,8
356786,18,Correct,1B,Yes,8
356786,19,Incorrect,8B,Yes,8
356786,20,Incorrect,1B,Yes,8
356786,21,NA,8B,Yes,8
356786,22,Incorrect,8B,Yes,8
356786,23,Correct,1B,Yes,8
356786,24,Incorrect,2B,Yes,8
356786,25,NA,2B,Yes,8
356786,26,Incorrect,2B,Yes,8
356786,27,Correct,1B,Yes,8
356786,28,Correct,8B,Yes,8
356786,29,Correct,8B,Yes,8
356786,30,Incorrect,2B,Yes,8
355516,1,Correct,1B,No,NA
355516,2,Correct,1B,No,NA
355516,3,Incorrect,8B,No,NA
355516,4,Correct,8B,No,NA
355516,5,Incorrect,2B,No,NA
355516,6,Incorrect,1B,No,NA
355516,7,Correct,8B,No,NA
355516,8,Incorrect,2B,No,NA
355516,9,Correct,2B,No,NA
355516,10,Correct,2B,No,NA
355516,11,Correct,2B,No,NA
355516,12,Correct,8B,No,NA
355516,13,Incorrect,1B,No,NA
355516,14,Correct,2B,No,NA
355516,15,Incorrect,2B,No,NA
355516,16,Correct,8B,No,NA
355516,17,Correct,8B,No,NA
355516,18,Correct,8B,No,NA
355516,19,Correct,8B,No,NA
355516,20,Correct,1B,No,NA
355516,21,NA,1B,No,NA
355516,22,Incorrect,2B,No,NA
355516,23,Correct,8B,No,NA
355516,24,Correct,1B,No,NA
355516,25,Correct,2B,No,NA
355516,26,Correct,1B,No,NA
355516,27,Correct,1B,No,NA
355516,28,Incorrect,1B,No,NA
355516,29,Correct,2B,No,NA
355516,30,Incorrect,8B,No,NA
